{
"type": "FeatureCollection",
"name": "Flood_Buffer_30m",
"crs": { "type": "name", "properties": { "name": "urn:ogc:def:crs:OGC:1.3:CRS84" } },
"features": [
{"type":"Feature","properties":{"id":1,"Area_sq.km":44.235,"Name":"Flood Buffer (30 m)"},"geometry":{"type":"MultiPolygon","coordinates":[[[[84.943182539493975,27.812112227472294],[84.94323669993841,27.812175372776519],[84.94328853821834,27.812503010819501],[84.943350855819972,27.813183103138215],[84.943366626134306,27.813252480477658],[84.943399971044727,27.813315329781478],[84.943448575198659,27.813367287016412],[84.944023184287346,27.813838248938833],[84.944063507518521,27.813865612666923],[84.944655156090619,27.81419334742754],[84.945052723754927,27.814609790641892],[84.945356294950301,27.815128643349166],[84.945377168333607,27.815159279770562],[84.945736429304873,27.815615751709547],[84.945753217103871,27.815635115457852],[84.946375178201009,27.816287223100051],[84.946419475761701,27.81632464522308],[84.946983128758049,27.81670520766286],[84.947013271046004,27.816722834524754],[84.94821964487214,27.817327234034618],[84.948294749594609,27.817351916581639],[84.949584428988373,27.81757408622256],[84.949665148076733,27.817575742731595],[84.951063906389578,27.81739350594842],[84.951104688559951,27.817384949942436],[84.952329185979323,27.817027475557811],[84.953341215273923,27.816938029840962],[84.954260606452806,27.817232458845197],[84.954612597043962,27.817586422612216],[84.95462049148253,27.817594045040941],[84.955320315978256,27.818242799616421],[84.955469605131597,27.818540047647343],[84.955526082149049,27.81861571394866],[84.955605158858134,27.818667307715092],[84.956209225440276,27.818924372760186],[84.95629253664778,27.818945001335294],[84.956782420497447,27.818985809923774],[84.957803676460443,27.819102025859248],[84.957873873378716,27.819100827292001],[84.958840626480153,27.818957232444124],[84.95887727741615,27.818949151442069],[84.959897706151551,27.818648448370212],[84.959940952100382,27.818631542117888],[84.960846861155247,27.818184110075663],[84.961931317657417,27.817682836841083],[84.961962930262871,27.817665577908528],[84.962656149784564,27.817224683800017],[84.962695394650424,27.817194320194176],[84.963758293505521,27.816203108314777],[84.964315425335755,27.815767572510318],[84.964366149127258,27.815715497295901],[84.964401141003478,27.815651776815827],[84.964683079192341,27.814918696696274],[84.965330246357752,27.813973388395155],[84.965358995753633,27.813918981326577],[84.965652005234659,27.813167806608892],[84.966007992684823,27.812258309784049],[84.966508109261412,27.811914493262254],[84.966959739784087,27.811932737189437],[84.96727421743519,27.812300163174648],[84.967340790062877,27.812356336344447],[84.967804944162879,27.812633846836651],[84.967881695887371,27.812664939576585],[84.967964261176618,27.812671308147873],[84.968701013173373,27.812614481393613],[84.968781577318325,27.812595546124395],[84.968852621463469,27.812553097858071],[84.969210194122326,27.812256511970997],[84.969618829599085,27.811938023626379],[84.969685822701152,27.811861536249399],[84.969776698926154,27.811706399886255],[84.969778534040586,27.811706678612037],[84.969986321836515,27.812173417830245],[84.970019045863296,27.812228321923534],[84.970063758921924,27.812273995370703],[84.970563657120834,27.812676082968238],[84.970642321516067,27.812720054430496],[84.970731074859742,27.812735688385814],[84.970820029400443,27.812721243100789],[84.970899274972012,27.812678327882537],[84.970959983056247,27.812611723790468],[84.971103665893509,27.812388270833861],[84.971134898822029,27.812320745888549],[84.971146517009942,27.812247260299667],[84.971154342061695,27.811826365650312],[84.971277579275863,27.811630684902788],[84.971714745037886,27.811233731720197],[84.971767915790835,27.811167361725513],[84.971797805449455,27.81108774568774],[84.971801448785286,27.811002781982154],[84.971778484358168,27.81092089950387],[84.971731190373205,27.810850221472279],[84.971370573661332,27.810461461972817],[84.971304681196386,27.810409579804034],[84.971226047560137,27.81038041942637],[84.971142259524683,27.810376794306812],[84.971061401171625,27.810399054206062],[84.970626483177355,27.81059567064667],[84.970625362823029,27.810596180211764],[84.970075381145207,27.810847840030114],[84.970360687117235,27.810118824852157],[84.970378942888075,27.810033427760459],[84.970440885041469,27.808748671223235],[84.970481489957479,27.807913292584708],[84.97060327226248,27.806915572148352],[84.97121446808697,27.806331426992095],[84.972090728094329,27.805737485067976],[84.972763133109012,27.805418121148708],[84.972824614418911,27.805377845203893],[84.97287295592966,27.805322480941619],[84.972904575393926,27.805256131015643],[84.97307967538535,27.804706066920954],[84.973091912905119,27.804640315477801],[84.973087613377359,27.804573573263063],[84.972934875824691,27.803772926281209],[84.973033765407905,27.803185059824504],[84.973036991214428,27.803156940459427],[84.973058364193434,27.802811430847022],[84.973071076881197,27.802753248588175],[84.973775898954273,27.802489012028822],[84.974298520263218,27.802408286290589],[84.974308576094273,27.802406537827181],[84.974724126606333,27.802326163696154],[84.975890707099268,27.802141384734728],[84.976670302628449,27.802125527456699],[84.977436082563784,27.802153099715841],[84.977956395526235,27.802245118391447],[84.978533408880111,27.802427301584125],[84.978910117753315,27.802705491244911],[84.978992311366341,27.802746723097645],[84.979347306609228,27.802854144054002],[84.980230367776571,27.803254670708665],[84.98028928941217,27.803273606836168],[84.980902180400861,27.803395352835949],[84.980922523023935,27.803398592611099],[84.98163026380648,27.803483772517065],[84.98230866250637,27.803777106775616],[84.982950641178135,27.804248349186654],[84.983192328390302,27.804675559384325],[84.983243814101797,27.804740658729482],[84.983312641037969,27.804787043598612],[84.984230587714521,27.805217744208022],[84.984235844368627,27.80522014234236],[84.985393266626161,27.805733279395483],[84.98541440762547,27.805741606324776],[84.986435269182294,27.806094846260503],[84.986503213504449,27.806108921941114],[84.987427835854461,27.806178793794249],[84.987444246980587,27.806179532763792],[84.98830650815782,27.806192098274025],[84.98835244013982,27.806188840620816],[84.989204721395765,27.806054637145827],[84.989255068779698,27.806041640578908],[84.989701994078914,27.805878973662647],[84.98974135793884,27.805860952831924],[84.990164270747968,27.805624625710337],[84.990181115922127,27.80561438819467],[84.990566297539871,27.805360593061245],[84.99060224903657,27.805332257746887],[84.990970068604341,27.80498798213835],[84.991012338292862,27.804937395146901],[84.991041089275924,27.80487807271232],[84.991182434887023,27.804463947506559],[84.991562836280124,27.80407128186388],[84.991996593993875,27.803843197904705],[84.992447749445745,27.803957234983056],[84.993413948050744,27.804337396952015],[84.993463823926291,27.804351665598634],[84.99452564264719,27.804547544714747],[84.994565597906828,27.804551873950459],[84.995757120816677,27.804591730778476],[84.995815611270388,27.804587312151622],[84.996770142757128,27.804409431788244],[84.996848192675188,27.80438199340708],[84.997556959106916,27.804002243247503],[84.998110771029232,27.803754960373297],[84.998143099588589,27.803737809133018],[84.998573044193137,27.80347088680772],[84.998917614399232,27.803374694917181],[84.998925127554031,27.803372479543004],[84.99943032234529,27.803215514447263],[84.999793952523248,27.803202830025352],[84.999865285438304,27.803190637616737],[84.999930817700999,27.803159936441777],[85.000331885786849,27.802901424227596],[85.001034841420605,27.802830491472694],[85.001805766548841,27.802905517355978],[85.002544472399066,27.803136414708419],[85.003342316871993,27.8039774314399],[85.003353106039285,27.803988180326758],[85.004350622915823,27.804927427310204],[85.004432726654201,27.804980440285743],[85.00520177686532,27.805297774337745],[85.005756571210597,27.805663961671055],[85.005824763896939,27.805696328848786],[85.006827400853922,27.806009682738431],[85.006879532510609,27.806020476530708],[85.007608667322486,27.806097624837008],[85.008203098096374,27.806212286079901],[85.008922300928376,27.806506140750177],[85.009099859812963,27.806664432651601],[85.009194632293116,27.806719197642913],[85.009780010375309,27.806913098030861],[85.010270397495717,27.807164679065259],[85.010302718873518,27.807178678533383],[85.010996266220729,27.80742671933433],[85.01168284354145,27.807788812873248],[85.011717651167672,27.807804141556794],[85.012359478199343,27.808034316228181],[85.012830310684564,27.808261860762869],[85.012923103246635,27.808408714691303],[85.012932174738211,27.808630209304237],[85.012618338491023,27.808885343851223],[85.012036592242978,27.809041685816673],[85.011927322029237,27.809100603882815],[85.011527642129693,27.809455757729637],[85.01148116221583,27.809509590911613],[85.01145035188047,27.809573693307104],[85.011437348994789,27.809643616971467],[85.01139853830685,27.810392676343358],[85.011352244703474,27.810870962171926],[85.01135525507533,27.810944782005365],[85.011378162413976,27.811015022193171],[85.011685101709077,27.811646400016897],[85.011636669513805,27.812016410548651],[85.011637626293791,27.812093158568523],[85.011796679662467,27.813110505621204],[85.011832386106008,27.813208494288272],[85.012829808428023,27.814858222815122],[85.012850806079427,27.814888165617358],[85.013478630673916,27.81566557837176],[85.013872479150237,27.816428267597185],[85.014346054465065,27.817891578959728],[85.014351717784209,27.817907383093534],[85.014859118701239,27.819195731726928],[85.015251794707197,27.820314131925549],[85.015505124215224,27.821281242837376],[85.015591053929114,27.822026474809139],[85.01541949305269,27.822843803625972],[85.015415155010118,27.822926927980163],[85.015436342994036,27.823007423608676],[85.015637298895058,27.823467088091149],[85.01563862069915,27.823470062592367],[85.015795628699124,27.823817720819967],[85.015798682560316,27.823824249178408],[85.015799408581884,27.823825748742429],[85.015379592383638,27.823735405638978],[85.015302863882653,27.82373009917378],[85.015227752242296,27.823746641934036],[85.015160352346044,27.823783691568597],[85.015106133313125,27.823838241709801],[85.015069494710488,27.823905865923159],[85.014949401737709,27.824231212617097],[85.014933168816697,27.824308748782769],[85.01494013734208,27.824387658885836],[85.01496970745049,27.824461150200968],[85.015019333693189,27.824522896461975],[85.015084744152844,27.824567582438299],[85.015160308178011,27.824591361479744],[85.015503087767769,27.824645851637985],[85.015513051473249,27.824662667217236],[85.015415299432945,27.824720522577952],[85.01534541115106,27.824780012970013],[85.015299488606829,27.824859477418812],[85.015282838076971,27.824949733934073],[85.015297383503622,27.825040353519455],[85.015384718310571,27.825295373322614],[85.015425098182703,27.825371146420551],[85.015487225882637,27.825430410620065],[85.015564818675188,27.825467172760735],[85.015582819728252,27.825469399879605],[85.015563411270946,27.825507299459222],[85.015536864663133,27.825589358466861],[85.015537548057267,27.82567560193672],[85.015565391722731,27.825757229955283],[85.015750308062792,27.82610463991028],[85.015683409518857,27.827177772268453],[85.015695475757752,27.827276056042212],[85.015742164591217,27.827363379848439],[85.016436830521556,27.828230523647232],[85.01648640664969,27.82827835322826],[85.016546472635312,27.828312080645492],[85.018248946985167,27.828999418079139],[85.0188429195438,27.829465617975575],[85.01906991941037,27.830147868950078],[85.01908348186916,27.830181081704254],[85.019499361035599,27.831032931058736],[85.019519471931801,27.831067401631902],[85.020223135206109,27.832091295651292],[85.020628283869542,27.832695503719687],[85.020740108208727,27.832956142803049],[85.020745507967902,27.832967938106517],[85.020955947423317,27.833399893763335],[85.020976326983956,27.833635861240349],[85.020874970302984,27.833676337097266],[85.020805553739336,27.833636370259654],[85.020421694446242,27.833327924417741],[85.020331432016334,27.83328016803674],[85.019788896661737,27.833114485243236],[85.019665581728489,27.833106397405682],[85.019139223230283,27.833194262379799],[85.018589479744165,27.833147212096698],[85.018106181519727,27.832913242636089],[85.018015545837756,27.832887617542969],[85.017622965835784,27.832848142847254],[85.017531978986369,27.832854476666103],[85.017448292305815,27.832890743228198],[85.017381455401804,27.832952804103893],[85.017108537360656,27.833309791655733],[85.017068669594465,27.833383231516706],[85.017053166654151,27.833465344309875],[85.017063513515509,27.833548264720033],[85.017098719086647,27.833624050072981],[85.017340445369712,27.833984877084728],[85.017510820387088,27.834442712576834],[85.017561347848897,27.834527112297174],[85.017638756580794,27.834587810117707],[85.017964793066525,27.834758293604111],[85.018524406291505,27.835466076464463],[85.018583137128715,27.835521038800614],[85.018655453156555,27.835556260409803],[85.018734936035258,27.835568615231857],[85.019841033701383,27.835573804498061],[85.020364608622259,27.835826277999811],[85.020448922436003,27.835851057545149],[85.020903985455817,27.835907028198704],[85.021205329952309,27.836109210079488],[85.021220938036507,27.836315949651883],[85.020987059637392,27.836831522418048],[85.020572459956597,27.837668803044728],[85.020046151837718,27.838546491463671],[85.01969938415975,27.839047347656098],[85.019678299667589,27.839083499195127],[85.019329906149537,27.839803965865052],[85.019054480459104,27.840350679226162],[85.019031486105888,27.840416131943684],[85.018880821310461,27.841126431376633],[85.018753838745226,27.841568679984817],[85.018538321771089,27.842031249855282],[85.018524893566322,27.842066226055692],[85.018349538916794,27.84263890553725],[85.018337981509333,27.842730122743045],[85.018357703974459,27.842819929071716],[85.018583014890126,27.843372319033659],[85.018603509951845,27.843827907913688],[85.018629019058423,27.843930915294997],[85.018853697476359,27.844407464890757],[85.019028132603552,27.845241736785681],[85.019054871269631,27.845314820813137],[85.019101344296431,27.845377242677202],[85.019163690896548,27.845423816626862],[85.019451121953836,27.845579712343572],[85.019761344320841,27.845882339453311],[85.019849759127823,27.846373927214735],[85.019873831459492,27.84644654313276],[85.019917305018524,27.846509492305653],[85.019976689666066,27.846557721055774],[85.020047217891275,27.84658735748862],[85.020343990257075,27.846664926242283],[85.020362930343225,27.846669155832085],[85.02098925528756,27.84678556471631],[85.021892663585135,27.847187073074096],[85.022396614670384,27.847470217499406],[85.022406087260123,27.847475294319437],[85.022996982500487,27.84777700232533],[85.023032956289228,27.847792199319258],[85.023865287603016,27.848074807007549],[85.023903819933935,27.848084791527469],[85.024728123148265,27.848234588988834],[85.025058683700735,27.848538027146613],[85.0249893780571,27.848895983600674],[85.024985540649695,27.848971491006285],[85.025002788861201,27.84904510210054],[85.025039770258189,27.849111045032494],[85.025093585126783,27.849164149212328],[85.025401372483117,27.849392488953011],[85.025784588700546,27.849788338835751],[85.025861443381515,27.849843809025646],[85.025952732755187,27.849869300871539],[85.026047207085597,27.849861672972366],[85.026133224149447,27.849821865326373],[85.026544475627759,27.849534511658756],[85.026606177941218,27.849474721450278],[85.026645972248645,27.84939857384617],[85.026659828874486,27.849313779751824],[85.026646344660577,27.849228925638837],[85.026568038694805,27.848990540529918],[85.02701371639597,27.849074856161238],[85.027313914493234,27.849213680623908],[85.027557350718482,27.849384108441203],[85.027668795417398,27.849429413885577],[85.028116831871159,27.849502387014255],[85.028487969307264,27.849860543944853],[85.028585791851796,27.850233734881296],[85.028708494279286,27.850816909048536],[85.028744144487661,27.851573977584795],[85.028752669587277,27.851629739628994],[85.028847630651086,27.851992005934846],[85.028860693179126,27.852030031671095],[85.029038918635962,27.852445291262452],[85.02908831247268,27.85295682082317],[85.029112777430626,27.853045869271408],[85.029165819918163,27.853121464607351],[85.029701739757513,27.853659206445691],[85.029782287694033,27.853714877392619],[85.030535937021853,27.854053637435662],[85.030602038760776,27.854391520546042],[85.030629120344912,27.8544673760934],[85.030677372574743,27.854531867942349],[85.031176062693135,27.85502395924054],[85.031228001785507,27.855064017844626],[85.031288067794307,27.855090369991888],[85.031919125764276,27.855279831113506],[85.031966388131011,27.855289520130906],[85.033315323442096,27.855442247926746],[85.033991750679888,27.855616618591881],[85.034011103723742,27.855620856835927],[85.035162111033713,27.855828992739927],[85.035190191098479,27.855832562609223],[85.035787170071202,27.855876826320802],[85.036090053275615,27.856052941217541],[85.036140970309958,27.856614202354375],[85.03615995317233,27.85669200203818],[85.036200921308122,27.856760811570322],[85.036260270679122,27.856814577656515],[85.036987559466212,27.857298625441647],[85.037066907740879,27.857334557823744],[85.037153567194608,27.857343356906416],[85.037238518486461,27.857324106898908],[85.037312920057545,27.857278811303129],[85.037369028342596,27.857212184393209],[85.037401003704616,27.857131160563377],[85.037474088137856,27.856794654953184],[85.03760094125532,27.856591173910008],[85.038287139402897,27.856416969924165],[85.03902098891848,27.85651176104777],[85.039025215532618,27.856512273151758],[85.040133870251353,27.856637738602078],[85.041844401606923,27.857249667413718],[85.041880598212728,27.857259836213515],[85.042816170672822,27.857453571818951],[85.042858820433935,27.857458909734667],[85.044329668268787,27.857524889175611],[85.04437613537867,27.857522964207753],[85.045053425723296,27.857436046703263],[85.045778044136185,27.857532390880802],[85.045852419578878,27.857531945307372],[85.045923851516122,27.857511223740072],[85.045986919444616,27.857471798603353],[85.046036837551071,27.857416661613417],[85.046401773027839,27.85688046552162],[85.046443012296621,27.856783027255307],[85.046615815384783,27.855944193194251],[85.047306194193652,27.855465286763003],[85.048005468265032,27.855128604247131],[85.048700924718446,27.855371689955845],[85.049677599811943,27.8557666277915],[85.049793421244615,27.855785922792769],[85.051340557040348,27.855702118739778],[85.05258549939991,27.856715200150404],[85.05268261332705,27.856765636802539],[85.053243569294693,27.856923879481815],[85.053758515055904,27.857458103055677],[85.054248512049043,27.858054593325381],[85.054316556885041,27.858113719651058],[85.054400272719406,27.858147151390021],[85.054490327909889,27.858151161970952],[85.055023996742605,27.858085071657996],[85.055753251226449,27.858205220733357],[85.056058820239627,27.858770619335139],[85.056109727289254,27.858837366871853],[85.056178673933985,27.858885253420475],[85.056258995557187,27.858909650104732],[85.056342927998244,27.858908198658344],[85.056422358062605,27.858881039383039],[85.056569417891112,27.858803437760429],[85.056893565108012,27.8591636576528],[85.057605330398786,27.860111599375291],[85.05766555595487,27.860170075849844],[85.057740830333444,27.860207229363958],[85.058649481050296,27.860490708092897],[85.058678025891311,27.860497931595081],[85.060043822959571,27.860765279125502],[85.060120128495598,27.86076919942785],[85.061285136893517,27.860663315174619],[85.062773631328497,27.86071760553639],[85.063467319090989,27.860761014029858],[85.063492128693767,27.860761424139099],[85.065267548829752,27.860709145260046],[85.06641657363059,27.861023086155061],[85.066729757404019,27.861131682379778],[85.066661729114628,27.861487260116448],[85.066659556424185,27.861575639099932],[85.066686047560822,27.861659982356834],[85.066738362425653,27.86173124749714],[85.066810892373383,27.861781794227866],[85.066895861511796,27.861806203464315],[85.066984160350472,27.861801858306869],[85.067036031891092,27.861790605575781],[85.067118407131574,27.862053583866079],[85.067120858278614,27.862061028444842],[85.067265705125493,27.862480364692988],[85.067308181354917,27.86255848564501],[85.067373731158881,27.862618571720038],[85.067455244664657,27.862654105669812],[85.067543880493403,27.862661233297302],[85.067630024742073,27.862639181502956],[85.067704333757334,27.862590342139097],[85.067758747596855,27.862520012577182],[85.068044387635283,27.861988432130531],[85.068276401488077,27.861602568948403],[85.068309264929383,27.861518836644201],[85.068312798924694,27.861428955525945],[85.068284875405766,27.861212093258402],[85.068402450623637,27.860602283504381],[85.068403824066465,27.860545940552644],[85.068821735166409,27.860831040040104],[85.068914261188624,27.860871330689967],[85.069445129038215,27.860991549054521],[85.069533597789516,27.860996672595032],[85.06961896030792,27.860972877404841],[85.069900478956939,27.860841475483706],[85.069959235272307,27.86080414745398],[85.070006495257232,27.860753037961469],[85.070188712768456,27.860496181512559],[85.070227344318099,27.860416762164398],[85.070238281029887,27.860329125312415],[85.070220352746219,27.86024264753414],[85.070175477677736,27.860166581393713],[85.069970951081345,27.859922415505547],[85.069905656905206,27.859600242001509],[85.070151130467096,27.859529423643384],[85.070252480589133,27.859474592063741],[85.070418169893756,27.859331900047483],[85.071131703466378,27.859271525978539],[85.071228919880511,27.859244364721825],[85.071472171245389,27.859123702652969],[85.071542137520552,27.859073711196501],[85.071592837026898,27.859004256279924],[85.071619127189436,27.858922382885385],[85.071678538513538,27.858531357798441],[85.071888530285463,27.858303494614962],[85.072244322810093,27.858116462176181],[85.072328282970958,27.858047680282912],[85.072792088342766,27.857476557708562],[85.073313462371317,27.85703822033333],[85.073372164314989,27.856968907218686],[85.073404559145871,27.856884049685224],[85.07351602549987,27.856321678131582],[85.073518474149509,27.856231069330295],[85.073490798060448,27.856144756035551],[85.073436116373728,27.856072465898649],[85.072940939449367,27.855606938670412],[85.072620022596766,27.855278881949143],[85.072668875418884,27.855116123179158],[85.072779068061124,27.854964769709003],[85.073450903751464,27.854797665269981],[85.074224243610146,27.854893246096555],[85.074242312706275,27.854894865236361],[85.075273795720207,27.854952448543457],[85.076100389657199,27.855296476465934],[85.076112641570049,27.85530122929886],[85.076876765299474,27.855576452261602],[85.077458798373726,27.855882915113543],[85.077931508723722,27.856227756921367],[85.077980814752436,27.856256287180365],[85.078937915084381,27.85668241062686],[85.079131820562282,27.856935652978301],[85.079199108662337,27.856997927148885],[85.079283356628096,27.857034093998269],[85.080523846647111,27.857330951672402],[85.08087378936365,27.857445055465661],[85.081117400222112,27.857612800382356],[85.081142739227587,27.857628266780903],[85.081595301912273,27.857871413231891],[85.081658465157574,27.857895719750935],[85.081725688761551,27.857903554895792],[85.082204823110757,27.857898940033827],[85.082227987148528,27.857897720471975],[85.082785587154021,27.857844268158313],[85.083335121217544,27.858036185139142],[85.083428671319936,27.858051244717252],[85.083521663622591,27.858033055594206],[85.084168362131209,27.857782564336045],[85.08491589474869,27.857833881476488],[85.085759295213265,27.857996014510309],[85.08621608578197,27.858180575943091],[85.086794262098906,27.858471362597932],[85.086836128149571,27.858488197847404],[85.087325231035564,27.858638784391545],[85.087359288446123,27.858646895151381],[85.087799541046678,27.85872197632818],[85.088234710673078,27.859139153331459],[85.088429625177113,27.859859201283264],[85.088446487411346,27.85990476474656],[85.088624715311667,27.860278923261053],[85.088255230368276,27.86108313095972],[85.088230616524825,27.861191114303015],[85.088221810471907,27.861692891157382],[85.0882235250875,27.861728373869532],[85.088278552697858,27.862208478286966],[85.088301122144372,27.86228973374234],[85.088347658587907,27.862360062885418],[85.088413622121408,27.862412604689656],[85.088492577609514,27.862442233389284],[85.089154965448785,27.862578013830237],[85.089667547975225,27.862888552854326],[85.089713389548251,27.862910711959113],[85.090337969793424,27.863142842018071],[85.090751776261541,27.863318802149053],[85.091114844680817,27.863672515907478],[85.091194488389917,27.863726244624054],[85.091287903180415,27.863748685040708],[85.091383261771881,27.863736995968164],[85.091670977037779,27.86364773171065],[85.09193218669607,27.863759937904018],[85.092035018008701,27.863781832130353],[85.092770910661656,27.863792012490752],[85.092864215088611,27.863776748526153],[85.093419688125621,27.863581414789106],[85.093512128934492,27.86352613430418],[85.094054633018359,27.863031015576315],[85.094064149411423,27.863033536799534],[85.094385755750906,27.863272606185156],[85.094451970839586,27.863308704177239],[85.094525586909825,27.863325080294079],[85.094785390273472,27.863345588074957],[85.094874986358548,27.863337630888825],[85.094956996702081,27.863300683915647],[85.095022319421219,27.863238847699414],[85.095063704701943,27.863158985106097],[85.095076559416626,27.863069959651405],[85.095059456890255,27.86298165178729],[85.094890014866195,27.862529644412383],[85.094996690337695,27.862262517762041],[85.095386823134533,27.86202821985902],[85.095421763530837,27.862003252317287],[85.09600035969558,27.861515856413124],[85.096546334335159,27.861065092976283],[85.097431954486154,27.861036450168857],[85.097504705271675,27.86102400385661],[85.098768053041994,27.860624117464589],[85.098778088618815,27.86062072290434],[85.100925235069766,27.859847178153792],[85.103217045712583,27.859481313124171],[85.104938644710529,27.859526541561163],[85.106239264162937,27.860116338419807],[85.107430205571319,27.861130852944701],[85.107749357602131,27.861518284123989],[85.10780635494207,27.862026011017228],[85.107821061149764,27.862088533356999],[85.10805786701755,27.862736782722418],[85.108119248458792,27.862833741107032],[85.108619590092829,27.863341010612466],[85.108956334645455,27.864007435648087],[85.109033548538278,27.864100329611606],[85.10980860756257,27.86469163127062],[85.110856619349249,27.865618280671569],[85.111419728579094,27.866191596639148],[85.111790623335025,27.867031658476183],[85.111812370174135,27.86707147647342],[85.112527124379895,27.86815295225783],[85.112796902750631,27.868819730181269],[85.112798510149517,27.86882361569246],[85.11309111749577,27.869515621186441],[85.113125252715506,27.86957438774655],[85.11317298098615,27.869622768879182],[85.113681057518747,27.870021999037935],[85.113672741303702,27.870502085684048],[85.113466595272953,27.871390585462986],[85.113459839850975,27.871462774565593],[85.113472537781306,27.871534158491141],[85.113647150141873,27.872077925311004],[85.113712063312548,27.872185047252671],[85.113949051613901,27.872425142070831],[85.113977795151229,27.872450402365505],[85.114432903299274,27.872796424540784],[85.114612039848652,27.873233165756442],[85.114625768459732,27.873261734112948],[85.114878085544092,27.87371633245095],[85.114907397968977,27.873758938713166],[85.115199639139561,27.874106934692914],[85.115258144324827,27.8741589532777],[85.115329113669986,27.874192000848151],[85.115406580697638,27.874203299055644],[85.115800043133575,27.874203037960321],[85.115884972744695,27.87418927325502],[85.115961260130277,27.874149489580507],[85.1160211588181,27.874087726702047],[85.116058586498212,27.874010256225617],[85.116069742640789,27.873924944758393],[85.116053494414402,27.873840455107569],[85.115968671155557,27.873608082192664],[85.115953868843647,27.873574724161536],[85.115716972018177,27.873125484812675],[85.115616816640056,27.872913764878454],[85.115781886770307,27.872871338533141],[85.116904678177164,27.873132010380342],[85.117957976388581,27.873878530904339],[85.119290959101562,27.87495181549777],[85.119293485779806,27.874953825136025],[85.119994740668417,27.875504768172227],[85.120100716090022,27.875555514663457],[85.12108458165882,27.875783018689003],[85.121504465470537,27.876084810904857],[85.121594297115607,27.8761269285453],[85.121693277026623,27.876133754767288],[85.122605080906766,27.876027578265603],[85.123276979731585,27.876160349694278],[85.123724478702997,27.876626433146246],[85.123886258700409,27.87711248442341],[85.123908024679622,27.877161189841818],[85.12426533736496,27.877786382250981],[85.124340066208504,27.877870123268377],[85.124868365668263,27.878257613561875],[85.124931989159634,27.878971684081186],[85.124945332403968,27.879034745385251],[85.125404437849326,27.88038315873046],[85.12540709907833,27.880390614776466],[85.125721249488691,27.881231625050699],[85.125973800661001,27.881970251573307],[85.126001115399305,27.882027263005057],[85.126371824317886,27.882613157089505],[85.126399173452512,27.8826492733217],[85.127127776880613,27.883459965043489],[85.127148028491689,27.883480224959854],[85.127834607967856,27.88409779247641],[85.12871205092631,27.884901641888671],[85.129153806798328,27.885527047975536],[85.12923522693994,27.885602678384732],[85.12992049109917,27.886014637258722],[85.130755709673423,27.886574967139357],[85.130758028447943,27.886576505487202],[85.131966332096269,27.88736919548548],[85.133615340457069,27.888514749750012],[85.134694485015785,27.889322120137514],[85.134590812330927,27.889719711078584],[85.134582284253938,27.889798426404884],[85.134596956202046,27.889876231061756],[85.134633566502288,27.889946434456313],[85.135086229802866,27.890570095099772],[85.134939742619622,27.891356003096735],[85.134937902743644,27.891443785740893],[85.135215409654251,27.893379864173934],[85.135080930426639,27.89418247016533],[85.135081038022776,27.894272342464646],[85.135230668379705,27.895152438890221],[85.13541640008107,27.896334726440216],[85.135419524925737,27.89635124525141],[85.135655196551411,27.897414636303626],[85.135656315504875,27.897419474183632],[85.135957899280399,27.898670866607912],[85.135981140127996,27.899460857621143],[85.135988020909707,27.899513989238297],[85.136129893538708,27.900124960690917],[85.136175088823748,27.900223451361235],[85.136555960503486,27.900743353174896],[85.136396450508016,27.901301604629836],[85.136386293675073,27.901386995049709],[85.136403500942365,27.901471248209972],[85.136446326873369,27.901545817806291],[85.13651042737655,27.901603139796421],[85.136589300352711,27.901637399666452],[85.137077896670007,27.901762081951347],[85.137341777104794,27.902278177292619],[85.137419359095901,27.90237064595615],[85.137818446593357,27.902672329713358],[85.137846747556097,27.903435243620443],[85.13759121982099,27.904267721619096],[85.137580970325871,27.904376629333669],[85.137688267249786,27.905346798729138],[85.137625012773583,27.90628805124803],[85.137214559659739,27.907190697481315],[85.136609678774164,27.907849732981909],[85.136563751638533,27.907918499131085],[85.136540791060298,27.907997940284826],[85.136542950762191,27.908080604792012],[85.136570028162268,27.90815873864809],[85.136619483376208,27.908225012827636],[85.13685085988169,27.908452070821479],[85.136730645583825,27.908832786077181],[85.136162356647944,27.909457424732473],[85.136123468271293,27.909512755402734],[85.136099549978397,27.909576014427191],[85.135909270658587,27.910367549347743],[85.135629002708555,27.910412035452079],[85.135552759881975,27.910436124850129],[85.135486915477685,27.910481487633621],[85.135437243993664,27.910544145525204],[85.135408101576616,27.910618603481335],[85.135402043991618,27.910698331602887],[85.13541960248368,27.910776337801739],[85.135582024519266,27.911195076967477],[85.135166347304661,27.911990587053776],[85.134368030318242,27.912949917071156],[85.134324859871398,27.913022400502765],[85.134189270311722,27.913361581400974],[85.133669413940638,27.913824766995685],[85.133617220554086,27.913887919132442],[85.133316544071562,27.914391387025024],[85.133286149740172,27.914465404540277],[85.133278783190576,27.914545079767869],[85.13331774629529,27.91523360941196],[85.133339952374072,27.915326575531971],[85.133393157876597,27.915405979460747],[85.134050737494576,27.916086453967001],[85.134285404615596,27.916431575398118],[85.134342213461338,27.916492335772553],[85.135119002890477,27.917100627581686],[85.135214762247443,27.917148627728089],[85.13576494986205,27.91729791886991],[85.135968941214188,27.91738586537798],[85.13597997431728,27.917678238320537],[85.13599285217478,27.917751044221646],[85.13602499640109,27.917817627156136],[85.136073996603201,27.917872994282153],[85.136628683759255,27.918348778533797],[85.136657721410828,27.918370479508319],[85.136933622542571,27.918549124982665],[85.136828624579238,27.918610489989817],[85.136743567245844,27.91868890937673],[85.13633120285597,27.919278831158987],[85.136308173474035,27.919318603980269],[85.135915165248846,27.920154185486393],[85.135499025480968,27.920881937938152],[85.135007944824352,27.921450804687865],[85.134965639045305,27.921517483579038],[85.134944434736155,27.92159355085677],[85.134946145709847,27.921672499739206],[85.135033140298873,27.922184106834774],[85.135060002503394,27.922263854664191],[85.135110111269896,27.922331459441011],[85.135178599178289,27.922380354233507],[85.135843330351591,27.922712625862641],[85.135909474484833,27.922735543484272],[85.135979287176497,27.922740686618109],[85.136707893694236,27.922699504745754],[85.136787373813277,27.922682776386427],[85.136858282760642,27.922643167694034],[85.136914203784968,27.922584262971252],[85.136950076434516,27.922511392673165],[85.137132352138707,27.921935372484665],[85.137144809795032,27.921862068338324],[85.137136800156554,27.921788145833204],[85.136965252737127,27.9211051087795],[85.137265533005902,27.920553773021993],[85.137765648580412,27.920340050869786],[85.138538790700437,27.92022004357796],[85.138638698424984,27.920183300074314],[85.13929930856419,27.919777503147198],[85.139822076072804,27.919554089050479],[85.14053828349472,27.919694324438584],[85.141446522243086,27.920201645945465],[85.142050529343095,27.920704475049845],[85.142057054666139,27.920709737967652],[85.142699741108686,27.921211822741821],[85.142758822266245,27.9212468866201],[85.142824840411507,27.921265904065663],[85.143913811626192,27.921433714936366],[85.143919554145313,27.921434536806601],[85.14504651745365,27.92158349166381],[85.146399828045034,27.92197080526384],[85.146405178956186,27.921972277353593],[85.147019036562455,27.922134388316888],[85.147020478862444,27.922217278764968],[85.147022161353235,27.92222154101578],[85.147001713044901,27.922226408876227],[85.14694588503518,27.922246392386928],[85.146665802508764,27.922382991772587],[85.146597335791952,27.922430739335372],[85.146546724923326,27.92249711750226],[85.146518807108563,27.922575782085659],[85.146516250632445,27.922659214606252],[85.146539299833833,27.922739440882356],[85.146682497131934,27.923047626515618],[85.146726576245143,27.923114374093508],[85.146788277160567,27.923165277967733],[85.146862184579817,27.923195870462802],[85.146941811877454,27.923203466570108],[85.147728353946704,27.923161293878774],[85.147941545159981,27.923210246895472],[85.147802570200056,27.924047066425025],[85.147804269345542,27.924144769910519],[85.147945590566749,27.924844259524171],[85.147987986353428,27.92494409362757],[85.1485511637663,27.925760580961651],[85.148692058146096,27.926664870268787],[85.148639799156072,27.927274147629564],[85.148396812251576,27.927730482308004],[85.148235817299636,27.92772831721804],[85.148191777995677,27.92773133373948],[85.147778851353479,27.927793836942289],[85.147681583445205,27.927828535007109],[85.14760445710661,27.927897212001625],[85.147251743751823,27.928360361436734],[85.147217876705682,27.928418763348258],[85.147028243203877,27.928867091996533],[85.147007119764794,27.928961712559293],[85.146991643548333,27.929357051034259],[85.146912281554961,27.929595609559051],[85.146748840711197,27.929702502857189],[85.146686689688394,27.929758681543174],[85.146644751213941,27.929831207116276],[85.146627063114011,27.929913096831839],[85.146635328394609,27.929996466367825],[85.146668751276522,27.930073288925445],[85.147005581234595,27.930603282609887],[85.147404669147818,27.931792271380854],[85.14770412370072,27.932730194962431],[85.147709971652986,27.932746653779194],[85.148233202406743,27.934080810853011],[85.148235061615708,27.934085425981962],[85.148332852765606,27.934321864598637],[85.14836011248623,27.934762255346666],[85.148380580982959,27.934849935296018],[85.148428740893223,27.934926009969324],[85.148499236667973,27.934982019599023],[85.148807647579858,27.935152056838334],[85.148898303484415,27.935182676547814],[85.148993946131441,27.935179753585402],[85.149082563041105,27.935143655067947],[85.149365336203431,27.934964406670787],[85.150011289450802,27.935062102957968],[85.150645946639926,27.935468714386843],[85.151224129421493,27.935904291538684],[85.151237031118256,27.935913431482909],[85.151677147239752,27.936206254146288],[85.150619523777308,27.935736377422248],[85.150566913582267,27.935719209900501],[85.149307141660188,27.935447063471045],[85.149200012911606,27.935445667486338],[85.148527327287809,27.935572736723785],[85.148443096212347,27.935603842311615],[85.148373723384566,27.935660849700895],[85.148326881145792,27.935737454115483],[85.148307750049511,27.935825183431124],[85.148318445914072,27.935914335156564],[85.148357785822085,27.935995049488039],[85.1487507257022,27.936544792732612],[85.148799218142614,27.93659659999625],[85.14885953368892,27.936633983738908],[85.150336770691865,27.937299110419485],[85.150376958997981,27.937461799263335],[85.150402373892888,27.937526934296582],[85.150443661692947,27.937583359530336],[85.151478866434644,27.938669167824482],[85.151570848163374,27.938732258065905],[85.153028563225277,27.939336830053744],[85.15405306472833,27.940040933885328],[85.153992554118915,27.940234894032283],[85.153652729461683,27.94117757864775],[85.153636738347501,27.941266980487995],[85.153651295901483,27.941356626917898],[85.153694754982354,27.941436374727029],[85.153762198332387,27.941497200702642],[85.153845994949506,27.941532222577688],[85.155360926988763,27.941881959821259],[85.156795138072567,27.942867579905911],[85.157834727112572,27.944307157837979],[85.157870619418404,27.944347609190054],[85.159159445573763,27.945535649552589],[85.15963512471734,27.946226663235027],[85.159983364910616,27.947259141161936],[85.160020246523501,27.947330829351269],[85.160076649479052,27.947388432792703],[85.160668250223566,27.947834515132048],[85.161109942289457,27.948737912125274],[85.161423328126375,27.949900573360196],[85.161536975199695,27.950709900718977],[85.161484202586749,27.951626836230574],[85.161483795262612,27.951637776376586],[85.161470261416142,27.952436632481618],[85.161411183315607,27.953132816976545],[85.161410889159256,27.953174695735992],[85.161448964725736,27.953713042627669],[85.161129168314304,27.954055588695731],[85.161081806919626,27.954125773616603],[85.161058511556234,27.954207176017473],[85.161014000023513,27.954572390189458],[85.161020830737385,27.954673479591914],[85.161064441482068,27.954764933563339],[85.16133853635607,27.955137944545644],[85.161535480652532,27.95546049813176],[85.161554528321275,27.95560976927429],[85.161348232784306,27.955959431233172],[85.161125441200227,27.956299968973877],[85.16110423549793,27.956339076152446],[85.160964729841211,27.956656231218361],[85.160943055336674,27.956739746726395],[85.160948833194539,27.956825835288864],[85.160981473373937,27.956905705451746],[85.161037642625601,27.956971200790491],[85.161221830082297,27.957126791453643],[85.161288844350821,27.957168331457485],[85.161365001731525,27.957188740707064],[85.161443807970016,27.957186278821375],[85.161518542932811,27.957161155735577],[85.161958259704406,27.956937336907679],[85.162054100408412,27.956855575603086],[85.162274805633245,27.956552265286007],[85.162314972667275,27.956471410413304],[85.16245901569765,27.955994099727182],[85.16255641474946,27.955913073491633],[85.162656000201309,27.955951600147703],[85.162858107306647,27.956217252038993],[85.162911646042048,27.956423332202462],[85.162843882061225,27.956882774492257],[85.162843874049898,27.956961513305242],[85.162866583189,27.95703690624746],[85.162910078173482,27.957102541505208],[85.163366145236495,27.957610553496984],[85.163462241145098,27.95767900655909],[85.164530950483865,27.958129206284909],[85.165597758332822,27.95874756472541],[85.165633658030387,27.958764966645859],[85.166618245271124,27.959155276213039],[85.16714993273591,27.959990931044015],[85.16715700195833,27.960001485105014],[85.167840321621412,27.96097149847462],[85.168024513399359,27.961435741570245],[85.16797461582216,27.961904706215623],[85.167975946072318,27.961972369938955],[85.167994061047651,27.962037577275112],[85.168221403134382,27.962580383605591],[85.168261852234437,27.963286113462203],[85.168196729017012,27.963866497511262],[85.16819930109024,27.96394435459926],[85.168223994233628,27.964018236873056],[85.168268752940577,27.964081994224507],[85.168329851406853,27.964130319364241],[85.168402203674006,27.964159189611035],[85.169035606723938,27.964310774778596],[85.169746214971184,27.964764221421387],[85.169768114078025,27.964776794693925],[85.170820325374308,27.965317135528192],[85.171426885339059,27.965642784966846],[85.171505023425311,27.966252187571889],[85.171428101584183,27.966617404707737],[85.171423649607689,27.966699962927297],[85.171444388888375,27.966779997681925],[85.171488374747483,27.966850004280971],[85.171551482723501,27.96690341835285],[85.172389524529976,27.967415709095047],[85.172856218624077,27.967764190554441],[85.17296682296417,27.967812999943931],[85.173438806120402,27.967903673417734],[85.173469248227377,27.967907742938895],[85.174385702549841,27.96797751526309],[85.175081014596316,27.968196194860628],[85.17558321220379,27.968535866026301],[85.17571905333368,27.969005616381082],[85.175753392179701,27.969079808439808],[85.175808362595987,27.969140321837134],[85.176224291672028,27.969477617791068],[85.17628508255379,27.969514807309139],[85.17635348593997,27.96953479651421],[85.176961797400878,27.969627948717694],[85.177470005627626,27.969975039838964],[85.177569322386873,27.970016833241953],[85.178161412609597,27.970135270212172],[85.178210797481555,27.970140491393447],[85.179271696379985,27.970154538225398],[85.179831985147956,27.970335917813276],[85.180229446154243,27.970714327843339],[85.180695234087821,27.971388446573126],[85.181076280945419,27.97202209189339],[85.180963875446054,27.972156022191506],[85.180539131659117,27.972490163146833],[85.180476658977057,27.972559995854237],[85.18044181471609,27.972646974705135],[85.18029598858945,27.973342637463041],[85.180293302413659,27.973438548008133],[85.180324326626973,27.973529341985845],[85.18069106688813,27.974188244031414],[85.180953732778164,27.97476599553378],[85.180876944572475,27.975815692612123],[85.18028790907961,27.976692217416257],[85.180256218759482,27.976756375518242],[85.180242495240122,27.976826605166234],[85.180219620381664,27.977206938770646],[85.17981511602288,27.977929917000154],[85.179805474202936,27.977948864143702],[85.179449699407996,27.978721863666081],[85.179078091001699,27.979450714221748],[85.178452579734042,27.980021382683514],[85.178390215708234,27.980105959473395],[85.178111947835745,27.980697777757083],[85.178088527179412,27.980777949137373],[85.178011174128301,27.981374587993802],[85.177828376121909,27.981579452038794],[85.177366013933764,27.981906475178505],[85.176558337844,27.982004653705108],[85.175875795035864,27.982046042813931],[85.175864653466064,27.98204695026288],[85.175466782012222,27.982087662455523],[85.174797459627001,27.981937521282369],[85.174089897540242,27.981701377723816],[85.17350320999364,27.981381504553074],[85.173381611993364,27.981348668200681],[85.172251361293192,27.981316635631586],[85.172228903716046,27.981316933666399],[85.171231350367577,27.981371728421564],[85.171153447769626,27.98138773841448],[85.171083589211051,27.98142575047093],[85.171027835937238,27.981482466492494],[85.170991025355121,27.981552965539905],[85.170976351317748,27.981631130796053],[85.170985087011147,27.981710180288793],[85.171075154417423,27.982051665323056],[85.17110923725258,27.982129012260721],[85.171165564980299,27.982192031111133],[85.171238617492236,27.982234546036963],[85.171321235653821,27.982252390582232],[85.172517099693209,27.982318888705958],[85.173517135402804,27.982452821649971],[85.173879615821932,27.982973491011784],[85.173945527673169,27.983039824877505],[85.174854698527923,27.983681426329099],[85.174939943748143,27.983721477666855],[85.17606563520502,27.984025657837634],[85.176123506158234,27.9840347138197],[85.177641777964539,27.984105425855244],[85.178373686467594,27.984215334635284],[85.178457980400339,27.984214686240357],[85.178537966127678,27.984188074759061],[85.178605847084697,27.98413809413093],[85.17865500661236,27.984069616190286],[85.178682357438419,27.984015219217195],[85.17865726189855,27.984249643157355],[85.178655970889864,27.984289834008244],[85.17868343189086,27.984936744811172],[85.178696103322764,27.985007798184494],[85.178727145082021,27.985072956117467],[85.17918635619985,27.985775923833859],[85.179176601150814,27.986356500493454],[85.179185015858508,27.986428066843487],[85.179346904329492,27.987059742937255],[85.179367354040195,27.987114252724627],[85.179575840774334,27.987527824928755],[85.179468550754734,27.988064373706745],[85.17947224362193,27.988186197150817],[85.179571352178954,27.988561825899566],[85.179612183601691,27.988649139276184],[85.179681083065944,27.988716546209389],[85.180515224941047,27.989281098014029],[85.180882607299822,27.989772220095691],[85.180868306473855,27.99062398581567],[85.180868396330112,27.990636828102534],[85.180887002227067,27.991241085289992],[85.180895007213522,27.991298544983497],[85.181083657563704,27.992049674025459],[85.181093682161176,27.992081246008478],[85.181488638436377,27.993103080262209],[85.181491490186602,27.993110159164377],[85.181726477795664,27.993670488339642],[85.181728976129989,27.993676256431261],[85.182107705301519,27.994523476965337],[85.182116114722476,27.994540632518454],[85.182424277872101,27.995116776174434],[85.182475457033121,27.995733859450205],[85.182488121744413,27.995796119450471],[85.182514984764737,27.995853696187829],[85.182860249100031,27.996411227818353],[85.182930641765807,27.996487178863255],[85.183635342473309,27.997001415507118],[85.183925757365159,27.997476815874965],[85.183780652438031,27.997935663174495],[85.18376888391272,27.998037808177568],[85.183819010025317,27.998688609777581],[85.183664309753283,27.999061062913839],[85.183266304690861,27.999654458698174],[85.183239356637785,27.999705820701628],[85.183039145289356,28.000213606275619],[85.183021787323426,28.000284590373813],[85.182936147533397,28.001104402497685],[85.182941472277619,28.001192607740517],[85.183097498987863,28.001875340888368],[85.182945165565584,28.002553590309834],[85.18294141179868,28.00257391277388],[85.182843892022589,28.003244691664303],[85.182841708376955,28.003301901458897],[85.182872475191701,28.00375318918605],[85.182881465646574,28.003806238961648],[85.182993705172336,28.004215474912574],[85.182903650498815,28.004930779558563],[85.18290264828299,28.004940021281566],[85.182856601131817,28.005445714481706],[85.182740658827555,28.006125855139469],[85.182590104030268,28.006515315205451],[85.182580414466969,28.006545561080916],[85.1824009308271,28.007245030458503],[85.182392468319279,28.007309794486126],[85.182387570111743,28.007874033072511],[85.18222521232687,28.008644813074508],[85.181987283548381,28.008920128330494],[85.181947653827876,28.008980889091163],[85.181530296728653,28.009860114345877],[85.181516152638423,28.00989648853405],[85.181333649693826,28.01048957612133],[85.181321876137019,28.010559465255145],[85.181303576335992,28.011078160878274],[85.18131363001099,28.011161268433209],[85.181348656419871,28.011237301930752],[85.18161624101748,28.011639251379648],[85.181641446171469,28.012114547026524],[85.181642244061621,28.012125429362147],[85.181707268801233,28.012819624510279],[85.181709044944085,28.012834266625585],[85.181825351913631,28.01361421192296],[85.181849774518255,28.013692851763661],[85.181896764491086,28.013760472992686],[85.181961951127718,28.013810785919123],[85.182039271187335,28.01383911075882],[85.18273519188314,28.013978777444748],[85.183701567617106,28.014416045382863],[85.183992438739494,28.015028649990633],[85.184014147709632,28.015066236904342],[85.184717180054918,28.016084587776557],[85.185190296755962,28.016956525867176],[85.185103454391921,28.01770668203142],[85.184541405230988,28.018037899077239],[85.184471752884377,28.018096841206866],[85.184425710612999,28.018175617683553],[85.184408536724689,28.018265231753837],[85.184422192582105,28.018355448945055],[85.184537141613276,28.018702304258881],[85.184309679275529,28.018955643833436],[85.184263859522474,28.019026355583183],[85.183865360331467,28.019922849660073],[85.183842751983391,28.020013533751612],[85.18374209424249,28.021441408219438],[85.183741472565771,28.021465417208869],[85.183771710868797,28.02309068646586],[85.183792986400817,28.023190827528293],[85.183850014495462,28.023275849155354],[85.184281896757057,28.023711056980556],[85.184501348690972,28.024145105637899],[85.184656216101374,28.025376899463485],[85.184681013059574,28.025460714628775],[85.184731286115507,28.025532216313476],[85.184801766686661,28.025583911189027],[85.185248540825185,28.025811000062436],[85.1852608361976,28.025816864144634],[85.186790776004941,28.026499719434877],[85.188081682212214,28.027102350436387],[85.188878850658568,28.027645285810877],[85.188939763875226,28.027676303499995],[85.189006514548225,28.027691029825267],[85.189860372550328,28.027768268799054],[85.190625498039779,28.027995790319164],[85.19122617920452,28.028705788949658],[85.191478834408102,28.029262180622624],[85.191537630881726,28.029345261904499],[85.19204809383065,28.029835611126295],[85.192764403408418,28.031866244988954],[85.192654702876055,28.0326240729623],[85.192651940373835,28.032659256627543],[85.192619016825532,28.035200731332658],[85.192502775504281,28.036506167247104],[85.192347743242493,28.037451262069137],[85.192213259799388,28.037854296108332],[85.192199533579071,28.037930587240837],[85.192208049135559,28.038007634183156],[85.192238104578394,28.038079086379621],[85.192287222602715,28.038139054418689],[85.192608945600313,28.038433104955377],[85.192695461822098,28.038606926415358],[85.192607247559152,28.038883873167638],[85.192594725994184,28.038955071853806],[85.192601544805143,28.039027040918814],[85.192627215166297,28.039094621056872],[85.192813249032412,28.039437356009557],[85.192823056520794,28.039453978599063],[85.193009050404129,28.039744929212535],[85.192934574986097,28.039997624246404],[85.192923597606139,28.040078394469667],[85.192937225534052,28.040158759956153],[85.192974216678266,28.040231395946453],[85.193371339531112,28.040784657423849],[85.193265617090518,28.041238708878673],[85.193210160584371,28.041451477209186],[85.193202572781729,28.041544372202239],[85.193214748978932,28.041676393581469],[85.193235779813378,28.041758747498932],[85.193281370663655,28.041830482693161],[85.193347003430375,28.041884490133864],[85.193465694535192,28.041954108920091],[85.193558055484388,28.041987566132441],[85.193656273046116,28.041985765975273],[85.19382112276989,28.041952133027777],[85.193950758616808,28.042037562697008],[85.194864175122802,28.042821272535718],[85.194874215453211,28.042829476899307],[85.197032383465029,28.04450822117073],[85.197069476886867,28.044532467207169],[85.19831309952022,28.045206668815354],[85.199926343233386,28.046280299720777],[85.200914714472859,28.047780759863624],[85.201623140750456,28.049265172257986],[85.201641339407956,28.049297412138209],[85.20266057328449,28.050844635241464],[85.202984739537669,28.051395676947479],[85.203035331091257,28.051458097898124],[85.203655225978537,28.052024508170117],[85.203672541374431,28.052039047237965],[85.20456424164297,28.052726224876171],[85.205022732198728,28.053504309717034],[85.205071305964964,28.05356479195207],[85.205135071654766,28.053608967152417],[85.20556273173294,28.053821761313923],[85.206076064084428,28.054253579701719],[85.206268339576226,28.054822788920976],[85.206338195078501,28.05508715789373],[85.206370406056465,28.055161488865238],[85.206790024226322,28.055831526720635],[85.207016870037251,28.056341445339754],[85.206996970963274,28.057540552297873],[85.206973326938865,28.058965228181059],[85.206630653851974,28.060080709618024],[85.206258495385327,28.060293844824535],[85.206194663974216,28.060344591837602],[85.206148894726581,28.060412081720909],[85.206125362568997,28.060490158259888],[85.206038488989705,28.061101540424144],[85.206035928074556,28.061147713639155],[85.206063314577307,28.062050210955135],[85.205924257026297,28.062185582153393],[85.205912970196408,28.062197250908241],[85.205629685843618,28.062508313900661],[85.205585433488309,28.062574247910959],[85.205562275491047,28.062650203633765],[85.205562214927951,28.062729611196353],[85.205585257037498,28.062805602155368],[85.205629408767408,28.062871603590285],[85.205690851165826,28.062921906635321],[85.205773239093332,28.062971119537846],[85.205756658295329,28.063542799613657],[85.205455949802555,28.06436450410531],[85.205250127750418,28.064615224482761],[85.205203078458879,28.064699947144042],[85.204988854541256,28.065332612819585],[85.204458634088979,28.066076853409093],[85.204443303021336,28.066100980804876],[85.20393233174228,28.067007873684592],[85.203901731141642,28.067093154373865],[85.203901065648211,28.067183756525278],[85.204106043230382,28.068443989328351],[85.204153117898414,28.068557975596903],[85.206034189884647,28.071181409312125],[85.206593034630089,28.072295771831161],[85.206030518286056,28.073340978833357],[85.205426465581397,28.073801834502465],[85.205368762206774,28.073862064079577],[85.205332195563003,28.073937031819078],[85.205320255422791,28.07401958310286],[85.205328031974446,28.074699228602732],[85.205344175326843,28.074788149090899],[85.205388757910228,28.074866761140235],[85.205456784847897,28.074926257331668],[85.205540634639647,28.074959971919988],[85.205968257793074,28.075052973633241],[85.206065857155892,28.075056128753811],[85.206158195632696,28.075024360906667],[85.207062737354633,28.074514606078107],[85.207738798227396,28.074270638244307],[85.209402802185096,28.07532807385715],[85.209447779518825,28.075351058138185],[85.211533315339125,28.076181027581203],[85.21431754171735,28.077968546710689],[85.214335869360767,28.077979318794327],[85.215754028777312,28.078739368754956],[85.216642335847624,28.079800273982581],[85.216679404196867,28.079836744364208],[85.219187710373788,28.081868512796998],[85.219237627105088,28.081900560456294],[85.223437129556032,28.08398472857926],[85.226219480237987,28.08616791705261],[85.227235872152491,28.087287344128811],[85.227277863034615,28.087324857524113],[85.227873949890622,28.087754632902929],[85.229183197730606,28.088907212019954],[85.229212553408971,28.088929682981597],[85.231001350040358,28.090113996870876],[85.231028087416902,28.09012957244509],[85.232264848789484,28.09075803548193],[85.232291811201137,28.090769932400885],[85.234045199440089,28.091431803050011],[85.235110184373625,28.09203921237275],[85.235200658019622,28.092071183988082],[85.236224383854022,28.092237481819268],[85.236257464609778,28.092240782033539],[85.238264726323379,28.092316752284241],[85.238949371122899,28.092524200377337],[85.239306425264886,28.093150589452854],[85.239360784470492,28.093217940422758],[85.239433661603002,28.093264630892225],[85.239517567935849,28.093285863030346],[85.239603881401152,28.093279455059776],[85.239683732578342,28.093246065452359],[85.240204241752295,28.092921884502516],[85.241198040787381,28.092722596254362],[85.241679703223781,28.092899169217567],[85.241712134486491,28.092908800740574],[85.242495827691741,28.093088989457936],[85.242583092443056,28.093094525303304],[85.2431702969144,28.093036029496879],[85.244273816339472,28.093075266981824],[85.244302900348075,28.093074733150971],[85.245272685905618,28.093004546737767],[85.246153052710824,28.093131129288391],[85.246255601723988,28.093126152944688],[85.24721297274148,28.092892089417731],[85.247973892910338,28.092909570378378],[85.248670556683265,28.093125440396729],[85.249592964011981,28.093506945784135],[85.24966138907206,28.093525196067503],[85.249732205969764,28.093525026692127],[85.250357872448475,28.093440737140643],[85.251039348556219,28.093394549016271],[85.251637267532175,28.093574779059139],[85.252424975383576,28.094052354576473],[85.252469313488518,28.094073967204988],[85.25300531552918,28.094276998168464],[85.253455630959635,28.094543365179042],[85.253471841837296,28.094552219993489],[85.25378663102282,28.094710434157765],[85.254161435574346,28.095048465683583],[85.254238290911573,28.09509714195643],[85.254497061816267,28.095205119153206],[85.254777359360958,28.095472388491558],[85.254809277219763,28.095498474822637],[85.25530493861659,28.095844007976606],[85.255377460604208,28.09587979959657],[85.255457329078226,28.09589250808223],[85.255537378358824,28.095880993247299],[85.256014103070427,28.095737070767964],[85.256420954276749,28.0958585276679],[85.257095633434758,28.096189273583633],[85.257161870820795,28.096211662554445],[85.257231636295131,28.096216292447735],[85.257788624795211,28.09618083269708],[85.257802801072842,28.096179554240695],[85.258569799331127,28.096089946849283],[85.259124017444606,28.096112720347445],[85.259962120543733,28.096296895815602],[85.260209079269572,28.096656622407689],[85.260675253495265,28.097374278629456],[85.260752863770378,28.097452486802027],[85.261540735750089,28.097972912520419],[85.26161677198624,28.098007631343975],[85.26236315377767,28.098216546301753],[85.262942871384908,28.098467494568876],[85.263207963108002,28.098749808695999],[85.263300845492324,28.098991259398396],[85.263238127194541,28.099375399296193],[85.263243808490856,28.099488822809018],[85.26329358419332,28.099674486621478],[85.263324316595714,28.099745896765718],[85.263374122319163,28.099805589974459],[85.263472235964826,28.099893567250987],[85.263543858930021,28.100125102893248],[85.2635959781243,28.100220061715319],[85.263842845857496,28.100510824020663],[85.263877619336583,28.100544982212448],[85.26410335018312,28.100729804207635],[85.264402254269598,28.10106000275751],[85.264475294261828,28.101117003272744],[85.26523947249666,28.101524852189602],[85.265785967356223,28.102250230421522],[85.265861986578599,28.102318854983238],[85.266340188559226,28.102607790817032],[85.266624459593899,28.103052195486143],[85.266678288328919,28.103113481092247],[85.266747962965368,28.103155894572012],[85.267357892173791,28.103410313643796],[85.267364100707724,28.103412813520613],[85.268183302097185,28.103730924463957],[85.26840666059914,28.104105458167847],[85.268461202277948,28.104170747841259],[85.268533351576124,28.104215825717798],[85.269339403886221,28.104556849561433],[85.269956151011669,28.104965130825832],[85.270302027507583,28.105280675320827],[85.270340700108278,28.105590780875911],[85.270384883138746,28.105708496617975],[85.270825355711736,28.106360606170014],[85.270859167933068,28.10640138128117],[85.27141639147581,28.106952873657544],[85.271452569565795,28.10698291764005],[85.272002932823554,28.107364175394018],[85.272042765818824,28.107387019216599],[85.27273797462199,28.10771054836399],[85.272772035025582,28.107723677372483],[85.273495247857028,28.107947600562497],[85.273872928301785,28.108255520532957],[85.274342107628627,28.108896222279878],[85.274419216680997,28.109324175081486],[85.274441297546346,28.109392656219239],[85.274804384923428,28.110152912217941],[85.274846600395406,28.110216353203345],[85.27512152446981,28.110524342602556],[85.27521985660394,28.110594085934789],[85.275817005266674,28.110840782995698],[85.276670470144907,28.111704087545881],[85.277143978617957,28.112663598475866],[85.27718712563707,28.112726620310585],[85.277246194569543,28.112775038056569],[85.277316458752708,28.112804977353065],[85.278557809522084,28.11313637909214],[85.278595221634831,28.113143584684092],[85.279413290342461,28.113241942190704],[85.280053368208684,28.113417622200892],[85.280047710837621,28.113772176102255],[85.280063636937626,28.113867938197139],[85.280112403552408,28.113951877679867],[85.280187706463465,28.114013143421225],[85.280608257529636,28.114244103885522],[85.2812821790626,28.115895728055463],[85.2812976621139,28.11592753830881],[85.281569922236486,28.116404666077415],[85.281626032967125,28.116473520123854],[85.281701449875712,28.116520441160755],[85.282369509695727,28.116796078431836],[85.282849628308583,28.117401752261621],[85.282904125383439,28.117453625576459],[85.283834907824044,28.118119458601328],[85.283907901018068,28.118156430491428],[85.283988617301176,28.118169839767024],[85.284399991059558,28.118174988757715],[85.285368134214963,28.118532462275407],[85.285420864936597,28.118546077507467],[85.286353355668084,28.118688593703901],[85.287287563601637,28.119072974134255],[85.28750276977469,28.119663544472626],[85.287544023708122,28.119737758641214],[85.287890954321156,28.120179970946811],[85.287691792168857,28.120298940362137],[85.287629569402625,28.120350108240885],[85.287585212314454,28.120417356089799],[85.287562669734484,28.120494697259577],[85.28756394848557,28.120575246556591],[85.287588934728618,28.120651833188013],[85.287635404096932,28.120717639131986],[85.288073413735859,28.121174267413085],[85.2881646617911,28.12123669475103],[85.288948248560374,28.121562288405634],[85.288950252959069,28.12156311185095],[85.289804234313806,28.121909944995146],[85.29037564859884,28.12217221719126],[85.290456740996618,28.122663573279617],[85.29048154009476,28.122740151333524],[85.290527811834806,28.122806015737272],[85.290591443685059,28.122855312605761],[85.291519928507057,28.12337407836209],[85.292307645259655,28.12391608995706],[85.29343017600462,28.125029757976154],[85.294331887849751,28.125926278401902],[85.294413765449306,28.125982054173505],[85.29451024948078,28.126004542163109],[85.295000879074379,28.126026379027103],[85.295573231023852,28.126214138782021],[85.295576711423934,28.126215254491356],[85.296008792513874,28.126350548357848],[85.296176872348141,28.126547775737826],[85.2962517229398,28.126608932572605],[85.297322030928598,28.127200732808912],[85.297593190409842,28.127788120090212],[85.297598349815729,28.128586991352893],[85.297613732438691,28.128675096717675],[85.297657053131459,28.128753343110372],[85.297723558395589,28.128813144700946],[85.298421327070557,28.129256445651496],[85.299081509039652,28.129933096850444],[85.299088252362608,28.130462562795991],[85.299044225516226,28.131108498635214],[85.299051915352408,28.131193348838551],[85.29908566131526,28.131271578631967],[85.299142103301847,28.131335398634601],[85.299347604639408,28.131504397380677],[85.299266898230854,28.132153304748826],[85.299270908357656,28.13224357874358],[85.299304480588773,28.132327473800309],[85.299363854523349,28.132395592895573],[85.300865491241098,28.133624266702252],[85.300885099915604,28.133638879989785],[85.301801928265022,28.13425960846828],[85.302542088646248,28.135407117351011],[85.302553083966643,28.135422899923913],[85.303279311976269,28.136389958978619],[85.303763858504269,28.13721181109506],[85.304213653790413,28.138072672837598],[85.303865894314796,28.138623964969838],[85.303833875438002,28.138696588342501],[85.303824356289212,28.138775383954911],[85.303838159427713,28.138853542998508],[85.303874092110348,28.138924311671285],[85.303929049357677,28.138981574780662],[85.303998282258362,28.139020384163434],[85.304828930137347,28.139336274145052],[85.305242921983151,28.139893386089369],[85.305276058760413,28.139930331412192],[85.305970486873804,28.140574221857467],[85.30643134133507,28.141431626265504],[85.306483847986954,28.14150015858942],[85.306555302188642,28.141548613981023],[85.307452173979883,28.1419657390475],[85.307478166601996,28.141976223582834],[85.308590152798246,28.142358944308462],[85.30898931021926,28.142885525022255],[85.309041636040959,28.14293778800549],[85.309557220474943,28.143327635417148],[85.309638211806572,28.143369564572307],[85.309728542177552,28.143382137317747],[85.310759742261851,28.143349740101058],[85.310869202023355,28.14332275303272],[85.311451436906623,28.143040029967739],[85.311488683496719,28.143051974817656],[85.311480292246273,28.144285924303524],[85.311494040727581,28.144372838890796],[85.311535006626784,28.144450716752356],[85.312155795083186,28.145270831505723],[85.312225069054406,28.1453349927388],[85.313034484676692,28.145855335663736],[85.313049717764301,28.145864435300286],[85.313976957095377,28.146377764550696],[85.314008237084394,28.146392547826771],[85.314998690345405,28.146785146573123],[85.315480184709585,28.147042983417702],[85.316654336321392,28.147989231982194],[85.316716276574212,28.148026688039781],[85.317866465746732,28.148525812763761],[85.317878300192589,28.14853061896471],[85.318954688615136,28.148938375277844],[85.319335750141917,28.1493676128927],[85.319385172740638,28.149411176756725],[85.319443674504953,28.14944147439833],[85.320311654461307,28.14976378333921],[85.320793379648208,28.150162862298796],[85.321129218038877,28.150725197018783],[85.321216609724814,28.150814889209961],[85.321997880097285,28.151309458714209],[85.322066553107788,28.151340485066477],[85.322141126120144,28.151351324011681],[85.323555628292979,28.151357448583315],[85.324243251746765,28.15141486034107],[85.324359333806768,28.151734600221346],[85.324448873994442,28.152237304729706],[85.324473629294516,28.152311570763423],[85.32451864915879,28.152375613565265],[85.324580149035484,28.152424049438459],[85.324964842071296,28.15264514753121],[85.326307908015863,28.153516474838217],[85.327026936394518,28.154238304558458],[85.327028686333264,28.154240045327974],[85.328404876668472,28.155596566053465],[85.329203926820739,28.156427132293036],[85.329279763482944,28.156482430485809],[85.329369948215287,28.156508426706882],[85.330126587822448,28.1565888949354],[85.330528666812583,28.156926291938291],[85.331041729216963,28.157471796163922],[85.33154140641102,28.15802486125212],[85.331796869893964,28.158526389298657],[85.331864978691172,28.158611570453996],[85.332857598819487,28.159435746358184],[85.332930553707058,28.15947900572715],[85.333013329564309,28.15949749751131],[85.333867927487688,28.159550608012712],[85.334412685881148,28.159790932867995],[85.334847700050034,28.160406895766432],[85.335116646348283,28.161122292036691],[85.335124014219389,28.161139961805716],[85.335394877371499,28.161729763947481],[85.335452685279165,28.161811307058414],[85.335536197810285,28.161866231463502],[85.335719665507014,28.161942845923491],[85.336003397589621,28.16213571200278],[85.336348677512305,28.16262053872217],[85.336379912134973,28.163053030610762],[85.336385833891129,28.16309301775533],[85.33654663019928,28.163805550206522],[85.336569715797836,28.163869240675904],[85.336607928936914,28.163925179720884],[85.336863397748601,28.164213480229755],[85.337224744154938,28.164694246789875],[85.337280794522854,28.164749670120909],[85.337350463487184,28.164786543211047],[85.337894415003689,28.164979133967279],[85.338678835310205,28.165259232003592],[85.338769015471868,28.165274955639326],[85.339910733226674,28.165277559164135],[85.340415323754812,28.165292534246106],[85.340661393366972,28.165638279487908],[85.340696853406754,28.165678834791464],[85.340968975057194,28.165933564500165],[85.340807932703939,28.166141425092555],[85.34077602485435,28.166194066545909],[85.340657497645836,28.166452048546031],[85.34063497094732,28.166530932045045],[85.340637173869538,28.166612939396522],[85.34066390304082,28.166690499759891],[85.340712690849514,28.166756452836275],[85.340779033251621,28.166804709900486],[85.341165102033045,28.167003921041438],[85.341283641942113,28.167449938031265],[85.341331985486917,28.168314010676166],[85.341332050832747,28.168315136482136],[85.341397895157655,28.169410001389238],[85.341410857110631,28.169477944899729],[85.341537735341547,28.169864754741614],[85.341613035718012,28.170347526109769],[85.341662844710683,28.171601495428],[85.341663808511143,28.171615957574716],[85.341711776859043,28.172128103926429],[85.341710464589383,28.172615143916964],[85.341718906496993,28.172682863015055],[85.341824537607508,28.173095281295833],[85.341862822025135,28.173735951616209],[85.341845045549476,28.17462677582585],[85.341697856931276,28.175152214828685],[85.341547329602108,28.175493641990975],[85.341524621416028,28.175591260217132],[85.341539084246648,28.17569043585085],[85.341662256279406,28.176048291968034],[85.341867396762581,28.177191309737196],[85.341908189861385,28.177659861321168],[85.341878668393804,28.178574559154811],[85.341555903346105,28.17906279563713],[85.341524313230707,28.179128372789538],[85.341322197490129,28.179751365317607],[85.340865968444419,28.180428113092702],[85.340392411961361,28.181126302849929],[85.339758067411211,28.181372567492375],[85.338681825200837,28.181444820361044],[85.337516265369459,28.18134202521108],[85.337488351330009,28.181341013819502],[85.336673483650074,28.181353672308216],[85.336593248005386,28.181367179853467],[85.336520679586499,28.181403977095705],[85.336462368494239,28.181460722394849],[85.336423610089625,28.181532262583058],[85.336407924110304,28.181612100935428],[85.336416735035229,28.181692987152168],[85.336593157036319,28.182356832800281],[85.336633355582151,28.182442959340435],[85.336700908512569,28.182509819684423],[85.336787444727719,28.182549128557117],[85.337524988275518,28.182737020904614],[85.338608512654346,28.183069452923156],[85.338729538556152,28.183307705905516],[85.338777348757432,28.183374329394042],[85.338842953770694,28.183423527837164],[85.33928904161337,28.183662040196914],[85.339374512665032,28.183690676770023],[85.33946464677318,28.183689582905149],[85.339549397689041,28.183658880523268],[85.339619319168548,28.183601991678174],[85.339849287365254,28.183339842819066],[85.340264392549528,28.183271502784162],[85.340280854106396,28.183268264410529],[85.340919585662789,28.183121861618918],[85.340999801342178,28.183089227280618],[85.341290425995709,28.182912062549839],[85.341540910417351,28.182808079552231],[85.341699731370412,28.182771219233864],[85.341740016128924,28.182767993653119],[85.342008449557113,28.183106769311284],[85.342061435350644,28.183157572300775],[85.342126146711095,28.183192225985824],[85.342261962784164,28.18324261889186],[85.34226666131319,28.183349539199416],[85.342280301159079,28.183423201052367],[85.342313656525604,28.183490279614517],[85.342364159592208,28.183545610927897],[85.342427922444401,28.183584935381564],[85.342721546822716,28.183713760406306],[85.342990700561316,28.184300846489844],[85.343042086146852,28.184376059645437],[85.343115558601852,28.184429904752275],[85.343156634740154,28.184450406757986],[85.343162952460446,28.184650391620668],[85.343180834749518,28.184738843240712],[85.34322686539943,28.184816461824955],[85.343498414116709,28.185136780005255],[85.343903556034505,28.185771930888563],[85.343890386088106,28.185928938078749],[85.343894491535281,28.186003484353577],[85.343918855280535,28.186074056371435],[85.343961614449256,28.186135258130211],[85.344145271269525,28.186332983067249],[85.344187897155592,28.186370167614388],[85.34453924442299,28.186616978527031],[85.344888909013193,28.187258338374654],[85.345056561895348,28.187919265729093],[85.345082644348906,28.187984708738767],[85.345411017733227,28.188571635376519],[85.345936667865843,28.189581968703784],[85.345983590883961,28.189646575910849],[85.346519578168099,28.190192121799409],[85.346762996848753,28.190710127113302],[85.34682558800796,28.190794942484946],[85.34754014089026,28.191445526995011],[85.347567387374838,28.191863566614497],[85.347597861096531,28.191971706937323],[85.347754288004424,28.192269071249562],[85.347845706462621,28.192678821948558],[85.347852964974919,28.192705055090062],[85.348023299343069,28.19321842715101],[85.348042510999349,28.193262655662654],[85.348436459344583,28.193985147358191],[85.348795256349035,28.194701739464506],[85.348975494183833,28.195747449713821],[85.348976084910063,28.195750754156752],[85.349179845888003,28.196851037593376],[85.349201369926078,28.196917555534657],[85.34923925152809,28.196976316958704],[85.349689400422378,28.197508100838661],[85.34975518374732,28.197564343838241],[85.349835383059016,28.197596882910847],[85.350371415102202,28.19771926516129],[85.350654997831427,28.198063917129272],[85.351016398331737,28.198594959106558],[85.351351248618514,28.199344181595198],[85.351392925682021,28.199409930584579],[85.351451629014889,28.199461056174428],[85.35161550013143,28.199566520457001],[85.351621502779949,28.200008194386751],[85.351624678457114,28.200045975031422],[85.351699269119322,28.200526091907083],[85.351746981086876,28.202347863778385],[85.351755958577613,28.202410189147869],[85.35194855327191,28.203134366646832],[85.351962645591925,28.203174385323798],[85.352438473889123,28.204247863378932],[85.35247637574119,28.20430946463398],[85.353239822024491,28.205242201820731],[85.353718017542974,28.206217247853946],[85.35357370057568,28.207475356738417],[85.353175260683614,28.208615038056099],[85.35317244510847,28.208623541881277],[85.352797545153422,28.209822124333797],[85.352786100274713,28.209924339947229],[85.352813711192383,28.21002341897681],[85.353265605127433,28.21092771643016],[85.353748737550688,28.212438139785917],[85.353753073589985,28.214321333431414],[85.353753324114948,28.214332356795023],[85.353835480293696,28.216235444882887],[85.353380570645939,28.216639843871643],[85.353328639984227,28.216702380838257],[85.353297675975114,28.216777539975812],[85.353290485200532,28.216858508849953],[85.353307719433261,28.216937948431024],[85.353347816560145,28.2170086583047],[85.353407142172188,28.217064229318499],[85.35348031898792,28.217099624508251],[85.354227605814614,28.217330305285149],[85.354423558395013,28.217750989923971],[85.354460965650077,28.217809926893338],[85.355094492043293,28.218569481115075],[85.355175584995564,28.218635204780988],[85.355661490399953,28.218892243693215],[85.355627337042449,28.219439587305143],[85.355636472010815,28.219527974503936],[85.355673804311024,28.219608609756275],[85.355735290509514,28.219672759518186],[85.355814271082039,28.219713475776874],[85.356873858902063,28.220053690975249],[85.35698679955857,28.220734990806857],[85.357008417657326,28.220804848075087],[85.35750157192102,28.221863479255589],[85.357553339208863,28.221938301734216],[85.357627020537961,28.221991680729516],[85.358873768092536,28.222605742242084],[85.359731336775141,28.223949342408954],[85.359997727311622,28.225650257140909],[85.359989988828772,28.22833798944805],[85.359666242752539,28.229870852404968],[85.35966138173255,28.229903819764715],[85.359502417287786,28.231777354149695],[85.359066271702332,28.232340091601255],[85.359055576947512,28.232354899108731],[85.358012994530753,28.233906405036524],[85.357992896278247,28.233941819278829],[85.357249849214355,28.235517225217716],[85.356798102065468,28.236121382887628],[85.356756786107425,28.236202029538461],[85.356744478728572,28.236291803805962],[85.35677894889001,28.237356703815362],[85.356790733306582,28.238794119549752],[85.356752530587698,28.241286900207509],[85.356753989291022,28.241319367711132],[85.356931926519934,28.243005834556282],[85.356949289594269,28.243076627691252],[85.356984956889576,28.243140196459962],[85.357036328879275,28.243191907802853],[85.358497993470309,28.244310685505848],[85.359554499825677,28.245392393375678],[85.359584112502304,28.245418571990594],[85.36050740031645,28.246121426882606],[85.360518650940989,28.246129543526688],[85.361258163516823,28.246634686849504],[85.361270217464963,28.246642459281333],[85.362053620669045,28.247118628112084],[85.362400032704315,28.247445063962978],[85.362343347872851,28.247847181943527],[85.362342785397857,28.247918326224234],[85.362360825940698,28.247987147470003],[85.362396216852929,28.248048867064838],[85.363162134556063,28.249050592332779],[85.363217675924801,28.249104852188719],[85.363739234937526,28.249484679437838],[85.363535928927917,28.250234609943227],[85.363527141667007,28.250286982334675],[85.363448109740858,28.251451977943674],[85.362847909937727,28.251880709417485],[85.362838345724654,28.251887866007376],[85.362271095334791,28.252332229338574],[85.362212587208319,28.252395546031522],[85.362177019090893,28.252474077003079],[85.362168017176245,28.252559815967398],[85.362186499215667,28.252644021778888],[85.362230580952712,28.252718109597922],[85.362295768224357,28.25277452612108],[85.362375415144029,28.252807519645536],[85.36246140165423,28.252813726459085],[85.363140480110332,28.252753623884285],[85.363403120933128,28.252869498115533],[85.363529183568517,28.253521383035846],[85.363562760776546,28.255723720579951],[85.363565910827703,28.255760930716544],[85.363813270714516,28.257357988619997],[85.363838266601419,28.257436753245155],[85.363885914409337,28.257504268776255],[85.363951750891275,28.257554210924635],[85.364365000843094,28.257777474184831],[85.364464219393682,28.258044738283228],[85.36450116537435,28.258112537287115],[85.364555789960505,28.258167107104807],[85.365046990440035,28.258533912273368],[85.365103556851892,28.258566329294155],[85.365786351839759,28.258854494860088],[85.366749846482875,28.259598877428946],[85.367356381464518,28.260161874625794],[85.367442629497177,28.260215791410928],[85.367785745633711,28.260348560245149],[85.368046965600414,28.260494817238907],[85.368144325741753,28.260527011534897],[85.368246668800523,28.260520579728031],[85.368587541926871,28.26043215164011],[85.369120407840441,28.260599047227803],[85.3707053717322,28.261839192236916],[85.371311697865423,28.263264283017708],[85.371297021290786,28.264229542096238],[85.37130912262397,28.264313674238963],[85.371346779576669,28.264389875378178],[85.372078470153966,28.265421223669808],[85.37212040285803,28.265467768542237],[85.373126116720201,28.266351989650044],[85.37317649305092,28.266387000280591],[85.374924309483248,28.267327132225535],[85.374939910635362,28.268191943313724],[85.374948863169905,28.268256190256977],[85.37497288093482,28.268316447742489],[85.375480706005206,28.269246672706331],[85.375937634730207,28.271797019565614],[85.375884597148925,28.273184352713958],[85.375067626540584,28.274867867233507],[85.375044597027625,28.274939089823775],[85.375042007259552,28.27501389830547],[85.37519022515292,28.276427627183853],[85.375305028355243,28.277671617477637],[85.37521039000022,28.279606293857075],[85.374714123480061,28.280539301937807],[85.374684463371707,28.280633597312551],[85.37457929783703,28.28150100177124],[85.373707016874135,28.282359895928149],[85.37214590020757,28.28322535242237],[85.372092699418403,28.283264001837004],[85.371072012314741,28.284215548842628],[85.369731743361626,28.284852328996276],[85.368302497285811,28.284994979894339],[85.366231217334757,28.285134018189041],[85.364403109426576,28.285037843108981],[85.363371833042166,28.2849370108346],[85.362386858904884,28.284732477650088],[85.362320830877081,28.284727067808809],[85.36225547309526,28.284737899576555],[85.361544152059565,28.284948023770397],[85.360738594465872,28.285040046622992],[85.359723112495317,28.2851176380568],[85.359652531945898,28.285132704714133],[85.359046930422281,28.285349904842157],[85.358096008012254,28.28535463334585],[85.357989733025008,28.28537700436037],[85.35718161496689,28.285728210677323],[85.357110003023337,28.285773903697642],[85.357056132397304,28.285839585340561],[85.357025335558475,28.285918754004086],[85.356874467384912,28.286616231835215],[85.356869808911213,28.286701206373777],[85.356891830531097,28.286783409912871],[85.35693834446954,28.286854675803113],[85.357004729720799,28.286907924014312],[85.357084391130016,28.286937864513028],[85.35716941459998,28.286941522809869],[85.358327791541754,28.286807418663553],[85.358353210690723,28.286803238809366],[85.359545292507249,28.28654828123398],[85.359566840475807,28.286542735103904],[85.360355247255171,28.286304771681358],[85.361370206911815,28.286408009836865],[85.361437661207447,28.286406396653689],[85.363354642198601,28.286118262971055],[85.365117681315056,28.286505239352287],[85.36514200209966,28.286509422985461],[85.368194200139328,28.286891818005603],[85.368259405136385,28.286892052064594],[85.370574086019332,28.28661892035484],[85.370667069457966,28.286590298732399],[85.37291980368623,28.285418176616581],[85.375169507441228,28.284425941371538],[85.37520021801285,28.284409971344843],[85.376469023482073,28.283643053838791],[85.376550899149294,28.283566317374362],[85.377759926987622,28.281830768541862],[85.378394884941713,28.281068277528334],[85.378604777870805,28.281108037315949],[85.379202519675843,28.281529598122216],[85.379999211879706,28.282446971396869],[85.380071431101399,28.282505669294359],[85.381711786055661,28.283421654357003],[85.383573158178024,28.284692229406087],[85.385172381562725,28.286055385782593],[85.38518545562691,28.286065847680607],[85.387248511332871,28.287614267092398],[85.389310230066556,28.289260295997043],[85.389334946333392,28.289277851015786],[85.390504657999884,28.290013499550025],[85.39050574559586,28.290014179954358],[85.391483675718348,28.290622749100486],[85.392283590547834,28.291504630764663],[85.393649612714029,28.293080811600859],[85.394582091175693,28.294192650266403],[85.3950749628914,28.295740155684843],[85.395140735740597,28.296823324702348],[85.394436297156957,28.297563580770589],[85.394386578296974,28.297636914793411],[85.394363274423455,28.297722394460113],[85.394368894888501,28.297810815353085],[85.394402834482619,28.297892656344597],[85.394461438603372,28.297959104828195],[85.394538396781584,28.298003005656732],[85.395636191533612,28.298408204617004],[85.397539931805326,28.299426227632118],[85.398281790890039,28.300166547066908],[85.398352299695901,28.300217192651225],[85.398435236084055,28.300242844599179],[85.399445997570695,28.300383735753119],[85.401012564017293,28.302391976384044],[85.40108036817324,28.302453615781634],[85.401416997021869,28.302668099941407],[85.401515697295622,28.302706378750841],[85.403477479684071,28.303048484923465],[85.404360698846617,28.303793812477785],[85.405478623494176,28.304749966358067],[85.406528550827616,28.30614050381541],[85.406728881339276,28.306904843425357],[85.406231994244663,28.307808197543466],[85.405283158059589,28.309036106853313],[85.405241854841719,28.309112313793051],[85.405226828139817,28.309197681536965],[85.405239626684022,28.309283411641001],[85.405278931389731,28.309360668314369],[85.40564531006973,28.309861225561356],[85.405702485962308,28.309918725039179],[85.405774156133873,28.309956654699754],[85.405853856237101,28.309971593447614],[85.405934397658726,28.309962193870689],[85.406008515902073,28.309929303771188],[85.40707141887863,28.309250444784269],[85.407904314550876,28.30872654994425],[85.40859866019828,28.30868348674349],[85.409344815177761,28.308938000275475],[85.410150943249576,28.310909575969735],[85.410181071025065,28.310964212495499],[85.411039256237785,28.312166980567223],[85.411904873504952,28.313661145564058],[85.412327283620996,28.315820723565682],[85.411874762315307,28.317748691734504],[85.4111471297918,28.319370742496265],[85.411124266498277,28.319460639837612],[85.410997723774159,28.321113424483805],[85.410997294126389,28.321147940510354],[85.411102822813234,28.323194433147652],[85.411107090415015,28.323230293977279],[85.411548000690033,28.325581464616729],[85.411560411772456,28.325626090687209],[85.412173644285275,28.327269519963004],[85.411523371962431,28.328600853311979],[85.411498875674596,28.328679907681636],[85.411499476331997,28.328762668183629],[85.411525117497035,28.328841358666757],[85.411573389933778,28.328908585397532],[85.411639757978975,28.328958031773102],[85.41171798571159,28.328985051827289],[85.413141830829147,28.329242240098075],[85.413233755994895,28.329242941738613],[85.414872136949668,28.328972759150265],[85.415742127925469,28.329259135386231],[85.417328891557574,28.329984316693729],[85.419397102942952,28.33137959770055],[85.419399161849071,28.331380973009068],[85.421620977874667,28.332850413916479],[85.421707026323034,28.332887783875943],[85.42180066760848,28.332893454766339],[85.424184236398034,28.332620236506752],[85.424185054515718,28.332620141465004],[85.426956563116846,28.332293886891769],[85.429144731779047,28.332376077378953],[85.43091513178743,28.334042323883523],[85.430936043902378,28.334060090861172],[85.433289184014157,28.335861710139628],[85.433402537389355,28.335912509857927],[85.435705447330378,28.336353517275892],[85.439958753372082,28.338461613664688],[85.439978523859921,28.338470443637377],[85.442614804548398,28.339523207252601],[85.442711856032332,28.339542443660054],[85.444751258604768,28.339565714016953],[85.444838245983092,28.339552362947764],[85.444916318922438,28.339511746803456],[85.444977182783418,28.339448180731811],[85.445014371256633,28.339368418130952],[85.445023933357589,28.339280933153603],[85.445004853187811,28.339195020394609],[85.444959157866151,28.339119807412917],[85.443381040180498,28.337282493457575],[85.445459757918101,28.337821403761016],[85.445531247242371,28.337830018307599],[85.445602471168627,28.337819431229335],[85.448516796656691,28.336977275075082],[85.452314870107841,28.338519465793929],[85.455455433660305,28.339847667684008],[85.455539573957637,28.339868172202912],[85.455625877744495,28.339860983231954],[85.458622950924763,28.339114265688977],[85.463309151263331,28.338148666943646],[85.471072044063106,28.337374882475988],[85.473342727267621,28.338702626216993],[85.475096032287141,28.340021360244975],[85.475152002298813,28.340053765407252],[85.475214072887525,28.340071930724893],[85.47696073448887,28.340362146648314],[85.477035590647304,28.340364058473508],[85.477108093121487,28.340345337074876],[85.478974087787108,28.339574351871256],[85.481293930176122,28.340172424625766],[85.482749599026477,28.340955468769153],[85.482824073520803,28.340982348373633],[85.48290314301785,28.34098646882029],[85.482980008014351,28.340967475775386],[85.483048058580934,28.340927002527042],[85.48552443367403,28.338909227649378],[85.485560781078533,28.338873387092697],[85.489433677468526,28.334254255890485],[85.489485868828439,28.334156759168437],[85.490621578317842,28.330283849564722],[85.494644441956652,28.322449665143221],[85.502678003348663,28.314568199181764],[85.502714546978865,28.314523759681702],[85.508131775300711,28.306281509110391],[85.508137295252268,28.306272749100323],[85.512003158465831,28.299868687213991],[85.518128548474508,28.295686390811696],[85.52551858036432,28.295766402678179],[85.525588029988867,28.295758094301384],[85.525653015055653,28.295732225003565],[85.529519496625369,28.293575850731482],[85.529518880353521,28.293574745726755],[85.529527657462751,28.293571110492696],[85.529590075161749,28.29351909614336],[85.529634192584837,28.293450867742639],[85.529656014677442,28.293372603715405],[85.530422320228908,28.287064377810953],[85.530420396592532,28.286986128033348],[85.530396108634733,28.286911718200809],[85.530351497586139,28.286847401932132],[85.5294138451534,28.285844716632155],[85.529364395504956,28.285803151233555],[85.529306487914411,28.285774521510394],[85.52754809401813,28.285154002677601],[85.527507080652427,28.285143067571152],[85.521612852816205,28.284059066824081],[85.521574042139179,28.284054799648136],[85.514713851721822,28.283799889723124],[85.514635950071096,28.283808374503131],[85.514563765883238,28.283838872071875],[85.509026411426078,28.28719873760889],[85.503433480436726,28.289717342537628],[85.503347070503409,28.289779186967181],[85.498172262169703,28.295316924509788],[85.498117919020956,28.295403346392941],[85.498099547495144,28.295503767539831],[85.498153221710609,28.301304786767286],[85.496963498276116,28.306028861236911],[85.493208459888933,28.308515473124451],[85.493130398838105,28.308594609550493],[85.491143066091354,28.311686766963334],[85.486859447963184,28.314736809351551],[85.486821583046208,28.314769451763947],[85.482923455165391,28.318816786255891],[85.4828917136917,28.318856681032809],[85.480945850633674,28.321842833086151],[85.480911421870431,28.3219197634848],[85.480902390764143,28.322003561247865],[85.480919637336797,28.322086060833968],[85.480961481023215,28.32215922320054],[85.483243997370167,28.325003595210287],[85.483459631843715,28.330141101125488],[85.481505599031593,28.330622986494852],[85.475889041246361,28.329904474972864],[85.475863227474306,28.329902424572886],[85.472873176136517,28.329808829914047],[85.472808957696571,28.3298145205376],[85.472747919040202,28.329835273215874],[85.470423240682734,28.330950793344655],[85.469163150956959,28.331519676333016],[85.466990112430238,28.3317905490001],[85.466910159948,28.331813420831779],[85.466840960192769,28.331859539309395],[85.465232950842349,28.333335095956279],[85.464190888747055,28.334097450782547],[85.461674286630114,28.333924361982906],[85.461609431750858,28.333927729978239],[85.461547257116919,28.333946486674346],[85.459472609585475,28.334856964223341],[85.455730803184508,28.334521292563501],[85.45204032650426,28.333466008861674],[85.450126657925978,28.332774605268167],[85.449903420868296,28.331744663137336],[85.449875568772768,28.331670730165314],[85.449827508173684,28.331608024484609],[85.449763354102316,28.331561915063624],[85.449688599540764,28.331536349870408],[85.449609645103365,28.331533517840843],[85.44953325100505,28.331553661458177],[85.447754524761336,28.332315453598071],[85.447721161427566,28.332332575420441],[85.446144528934397,28.333285488625048],[85.443780663131051,28.333866388962157],[85.4411207226659,28.333452705957356],[85.441119662941006,28.333452543299575],[85.436685519956285,28.33278095254412],[85.434729970394898,28.331092528134015],[85.43413635424038,28.330094966007739],[85.434951895672512,28.329367163484836],[85.435006607943492,28.329299566095518],[85.435036993898123,28.329218082763479],[85.435039901216754,28.32913116678602],[85.435015028286415,28.329047835057516],[85.434964955490983,28.328976732632828],[85.434894877515262,28.328925235866357],[85.434812064434581,28.328898687169442],[85.432743070510483,28.328589196178456],[85.432727658904767,28.32858734200796],[85.431042460875645,28.328433590192091],[85.426850765562094,28.327665515966881],[85.426771347925268,28.327662851463923],[85.423705276789292,28.328014374156908],[85.420663471894514,28.327627466398852],[85.417298590792427,28.32589534152924],[85.417248024562085,28.325875460621614],[85.415173681116812,28.325292847907704],[85.414609632219438,28.322433519324331],[85.414547505995515,28.31985735596254],[85.414669874660902,28.318756306807991],[85.415499446093463,28.318922123965159],[85.415586100199661,28.318925245740232],[85.415669275234677,28.318900738738137],[85.415740392783704,28.318851130534963],[85.415792118003594,28.318781537566721],[85.415819116115799,28.318699137436031],[85.415818602618899,28.318612428636467],[85.415604710532008,28.317345073268502],[85.415703445490067,28.315209545168496],[85.415703703936813,28.315201077847259],[85.415732684875721,28.313246378418143],[85.415729869658165,28.313203284248829],[85.4155138491206,28.311726979312944],[85.415492297435122,28.311653914874679],[85.41545119555758,28.311589778122741],[85.415393815224121,28.311539674384179],[85.41430011158964,28.310828943208612],[85.413952717254347,28.309622278636365],[85.414237784214052,28.309038507780347],[85.41486117827111,28.308416387581495],[85.414910097258911,28.30834965804566],[85.414936511886168,28.30827124780534],[85.414937941606226,28.308188520214895],[85.414914252156819,28.308109244062699],[85.414867668168426,28.308040864019219],[85.41480256425352,28.307989801522382],[85.414725054195088,28.307960851752728],[85.413335904670348,28.307674011904155],[85.413295295559948,28.307668796441238],[85.413106511125022,28.307659001255782],[85.413017940453528,28.307389428726889],[85.412985356401947,28.307322851809047],[85.412935895910934,28.307267644325538],[85.412873286636824,28.307227967062499],[85.412802247211644,28.307206810350145],[85.411870540155462,28.307064325591533],[85.411755516552176,28.307022669115351],[85.411660490198884,28.306601373630375],[85.411631521566278,28.30652680468523],[85.411581974267477,28.306463997245881],[85.411148231949966,28.306056522237206],[85.411070725316307,28.305708013994273],[85.411041344709659,28.305632242629329],[85.410990748081574,28.305568646237774],[85.410923519333721,28.305522986460581],[85.409438741474219,28.304813909491685],[85.40941358901145,28.304803421614032],[85.408809830204177,28.304586744250535],[85.408096308712032,28.30342543554087],[85.408041062108339,28.303361001386588],[85.407269198178028,28.302705330968607],[85.407197334217884,28.302661501405765],[85.406254818362697,28.302272812186128],[85.405231105490543,28.300860215857622],[85.405273749419365,28.300547035351233],[85.40527261702097,28.300466656875415],[85.405247870565645,28.300390174232614],[85.405201703621842,28.30032436697617],[85.405138208507068,28.300275068374759],[85.405063013537784,28.300246648341425],[85.404250032052488,28.300071721031202],[85.404246678062691,28.300071021596512],[85.402836879524912,28.299786346482332],[85.401713759268944,28.299440325307319],[85.401132681006828,28.298688532278327],[85.401113351085883,28.298666169276782],[85.400276760971892,28.297799160861253],[85.400191882758548,28.297739805769471],[85.399131934012331,28.29726994528124],[85.398689008614738,28.296978828513424],[85.3989271546845,28.295383237812842],[85.399221390570403,28.293827821533263],[85.399224707928965,28.293750297085833],[85.399205839734179,28.293675030652128],[85.399166344370769,28.293608238728318],[85.398432407495434,28.292697307495782],[85.398345058182272,28.292626297415563],[85.396732521175323,28.2918019471525],[85.395945411681652,28.290375738229468],[85.395861860905711,28.290283622459565],[85.394989132698129,28.289684338288264],[85.394257472621405,28.288977642204582],[85.394015458736916,28.287993826055292],[85.394794539533123,28.287434490157139],[85.394855779829712,28.287373490863843],[85.394894605714356,28.287296264971864],[85.39490703804637,28.287210727115742],[85.394891802675829,28.287125643796614],[85.394850461027119,28.287049734931575],[85.394787250073506,28.286990780177291],[85.394708648103347,28.286954821617858],[85.394622710781022,28.286945544530962],[85.393466511056943,28.287007140267541],[85.39345648029888,28.287007862206099],[85.392398796785002,28.287103816165082],[85.391819617153089,28.28659047250742],[85.390726126621544,28.285537864924123],[85.390452819078959,28.284865619986746],[85.390406707894925,28.284790444376412],[85.390338831363863,28.284734138158154],[85.390256431151599,28.284702708574954],[85.390168298438056,28.284699508811403],[85.39008383599689,28.284724880246436],[85.389456602508886,28.285032417141618],[85.387847547842057,28.284592783087472],[85.386181608541008,28.283874616529626],[85.384830817336649,28.282704964031826],[85.383022069846461,28.28006523127117],[85.382939512571838,28.279987083118169],[85.38132349566061,28.27900546293019],[85.381308211528648,28.278996845904388],[85.379064140337491,28.277826075394533],[85.378932329038335,28.277141209379778],[85.379075491544555,28.276227063293362],[85.379077345398898,28.27621272341851],[85.379236686614803,28.27465269667627],[85.379351397127294,28.273680355083183],[85.379667594739004,28.272399482082623],[85.380115901051042,28.271373263931491],[85.380137800736392,28.271284314598418],[85.38012869866408,28.271193162350222],[85.379903215000311,28.2703783991068],[85.379850768367078,28.270277988079457],[85.379283570740739,28.269594518331338],[85.379266551452332,28.269575859684078],[85.378652801286918,28.268963174754102],[85.378604469935553,28.268192273808125],[85.378583009462304,28.268102440425835],[85.378532527382589,28.268025096078187],[85.377880661928643,28.267325577166275],[85.377871568853323,28.267316278806973],[85.37727981718524,28.266739629736573],[85.377395009812531,28.266280999517594],[85.377872494626175,28.26600321476467],[85.378482029336595,28.265694629405083],[85.378900899780533,28.265673131419462],[85.378987431573947,28.265654136811467],[85.379063157245326,28.265608156716869],[85.379119924031343,28.265540141436166],[85.379151620316719,28.265457413618005],[85.379206665358822,28.265187370374317],[85.379209460103013,28.265095739118479],[85.379181433543408,28.265008454471506],[85.379125816653129,28.264935578829768],[85.37904902108896,28.264885513482827],[85.378475251946966,28.264638085228142],[85.378471461713033,28.264636484890371],[85.376935383449094,28.264001657622185],[85.376874865385602,28.263984570548079],[85.375511233520925,28.263766653187094],[85.375059809846135,28.263458417527602],[85.374372840632958,28.262547741258306],[85.373827289711798,28.261306665899173],[85.373763020953817,28.2612167082662],[85.372422963991681,28.259982617709813],[85.372420211807139,28.259980117957227],[85.371314270762085,28.258989424748819],[85.371247611900515,28.258945546236859],[85.369881476625537,28.258312668417268],[85.369855902449373,28.258302372090217],[85.368834707478669,28.257950674859064],[85.368176218455716,28.257409428848174],[85.367680399214024,28.256798185868469],[85.367370694940362,28.255502631386278],[85.367481073072582,28.254604933813596],[85.367482895537933,28.254561706394131],[85.367410385484575,28.252658119817987],[85.367439145398961,28.250770790411796],[85.367424810311149,28.250679777274851],[85.367034698790889,28.249532176922667],[85.367002335555156,28.249467252720475],[85.365806366272309,28.247708469926717],[85.365764791963841,28.247660577185904],[85.364789750087184,28.246773512206005],[85.363949494291063,28.245354375173726],[85.363908691530114,28.245301626769848],[85.363856204664231,28.245260488122305],[85.362425816235842,28.244401191615246],[85.362394318741451,28.244384980659781],[85.361113326409807,28.243828723521254],[85.359969560222154,28.243319285797291],[85.35950600742845,28.242644919646921],[85.35918199683627,28.241514437142346],[85.359460870927691,28.240200182360283],[85.359462211225704,28.24019344490894],[85.359923142979326,28.237711850150802],[85.360528350206096,28.235375462809149],[85.361150674997418,28.234021295104125],[85.361167781362454,28.233971996005938],[85.362037833355032,28.2303731399962],[85.362041791586762,28.230353650418163],[85.362378606501849,28.228312423533552],[85.362379524402513,28.228306444488226],[85.362539789903295,28.227178390417841],[85.362832376069406,28.227151689527318],[85.362879474655912,28.22714313016909],[85.363291900945768,28.227029637805099],[85.36336698268785,28.226995972379449],[85.363428437904801,28.22694125597252],[85.36347055890846,28.226870570401655],[85.363489433686709,28.226790480629379],[85.363483309233814,28.226708425038744],[85.363452754361802,28.226632024589307],[85.363400606871764,28.226568375016175],[85.363171338868909,28.226362608011499],[85.363060491985053,28.226302644441372],[85.36268368742958,28.226202276974071],[85.362602025570197,28.225895390020074],[85.362527008965955,28.224846329506999],[85.362479856330012,28.224050358817024],[85.36246617670129,28.22398005911683],[85.362307909011477,28.223510670048263],[85.362240956966588,28.221924100929865],[85.362228343089257,28.221853168652896],[85.362197420351151,28.221788097291409],[85.361782671375536,28.221151503248709],[85.361726273024615,28.221088987038975],[85.361653360302839,28.221046882579962],[85.360743131786379,28.220696844956848],[85.359815786800596,28.220177042271882],[85.359303674218452,28.219795542123745],[85.358742266453291,28.219093798727993],[85.358697530917397,28.219049603229077],[85.35787540843647,28.218408108241139],[85.357849582170246,28.218390270337146],[85.357451706318543,28.218148356364829],[85.357190862737241,28.217422554052934],[85.357152800819136,28.217351906741548],[85.356421650990214,28.216376697654283],[85.356263684141112,28.215166692612787],[85.356263343391674,28.215164174860835],[85.356143808046255,28.214311161700444],[85.356160302608501,28.213234441627431],[85.356157084767872,28.213188542532599],[85.356023576399267,28.212335799686354],[85.356078140168492,28.211861604350162],[85.356076293814581,28.211786698337232],[85.356053932183457,28.211715184162067],[85.35601277743352,28.211652569416572],[85.355617060340109,28.211202001120114],[85.355665525319438,28.210062669756102],[85.355665759648033,28.210048915493314],[85.355654001129608,28.208656115480139],[85.355987385095702,28.207386707140568],[85.355995302328566,28.207295628118654],[85.355851824378732,28.205579490525423],[85.355834802462141,28.205505154898333],[85.355312397121423,28.204145390526783],[85.355284830251165,28.204092180755961],[85.354720854861412,28.203248427703549],[85.354170448650578,28.202178473272664],[85.353828260120309,28.201424970327952],[85.35388920761801,28.201006964357159],[85.354217259491534,28.201075701670604],[85.3542965636735,28.201080377556654],[85.354373795952441,28.201061771313668],[85.354442270261956,28.201021493700477],[85.354496058720784,28.200963031585527],[85.35453050481469,28.200891446085578],[85.354542626514984,28.200812934420394],[85.35453137443541,28.200734293413959],[85.354497722678389,28.200662331087443],[85.354116118056012,28.200086269305952],[85.354031319750575,28.200004689033264],[85.353747771262036,28.199832249178289],[85.353701958317828,28.199122170931307],[85.353681652412092,28.199035476338892],[85.353634251804095,28.198960100848694],[85.353300779762122,28.198585227795],[85.353272597699942,28.198289196769274],[85.353245821250511,28.198195068739814],[85.353081175657962,28.197862235070769],[85.353049151563425,28.197812226157925],[85.352466094467601,28.197090867127773],[85.352446762302009,28.197069407047923],[85.351809367093466,28.196433789500357],[85.351486461385178,28.194024031006698],[85.351468335193246,28.193956649003869],[85.351433546437434,28.193896162347418],[85.350382682861962,28.192518185841404],[85.349679395946566,28.191168446583891],[85.349492716840118,28.190558232264447],[85.349464661391266,28.190496013223971],[85.34893477379353,28.189632413799544],[85.348929597856142,28.189624305811446],[85.348330986549456,28.188722430032886],[85.348030614024267,28.187977190745315],[85.347980717150406,28.187897324812276],[85.347432664966149,28.187289476570349],[85.347231885778882,28.186851214273119],[85.346963432376342,28.186146835161161],[85.346999283745618,28.185735322244561],[85.346993641519006,28.185652284537227],[85.346962976331966,28.185574910498531],[85.346910202048434,28.18551055235563],[85.346840333380399,28.185465325540711],[85.346760009380546,28.185443527591065],[85.34630251722497,28.185392884511156],[85.346301138844908,28.185392735509652],[85.346140875542432,28.185375827365512],[85.345825473195745,28.18458978689554],[85.345820362646933,28.184577884799854],[85.345379249339459,28.183614956188286],[85.344841456506074,28.182305055027548],[85.344782169858078,28.182216245703355],[85.344079510100244,28.181516788522931],[85.343690130349856,28.180970775257098],[85.343747040347395,28.180567228096937],[85.343930687848314,28.180086757852624],[85.343940478700233,28.180055614485784],[85.344144006335,28.17923846703642],[85.344145478445427,28.179114179875199],[85.343999182262934,28.178461236711136],[85.344110945123987,28.177901214221858],[85.344257288970894,28.177569267363161],[85.344277324457252,28.17749987147424],[85.344278245082265,28.177427647083878],[85.344202900342623,28.176810148093956],[85.344196867975668,28.176777531316397],[85.344005380644447,28.176009513173778],[85.343812418447925,28.175202126241544],[85.343891878758029,28.174818557766532],[85.343893806189826,28.174808249818803],[85.344015334314307,28.174080341953559],[85.344018949251094,28.174029679965425],[85.343993555698717,28.172924026333263],[85.343991452924413,28.172896032071598],[85.343872982866543,28.171968102363838],[85.343907055008799,28.170806925578944],[85.344031131179335,28.170391313837516],[85.344042290749755,28.170322242559795],[85.344059575599289,28.169750979751289],[85.344048493377869,28.169665836592035],[85.344011240015348,28.169588477945585],[85.343858762143213,28.16936960439422],[85.34394402968185,28.1691342938026],[85.343960176969944,28.169043906425276],[85.343945100312325,28.168953334314295],[85.343859212242677,28.168707259127984],[85.343820640363376,28.168199775606261],[85.343835910565787,28.167691864819595],[85.344109804672883,28.167114965531709],[85.34413586593584,28.167003323768629],[85.34414999127462,28.166086131382698],[85.344138573935894,28.166004181916463],[85.344102875993627,28.165929537910962],[85.343900519560677,28.165633703992821],[85.343896299469975,28.165005869489882],[85.344044677866265,28.164661847746466],[85.344727097152045,28.164033254999687],[85.345643240764858,28.163626746263038],[85.345680946664629,28.163606287091039],[85.346520850963643,28.163059997975477],[85.346572953554713,28.163015796404437],[85.346612292105718,28.162959931054857],[85.34693881708499,28.162342785842061],[85.347248535523661,28.16186418874317],[85.347616568615422,28.161626434614007],[85.347897892687243,28.161617961952825],[85.347994949140201,28.161596753268526],[85.348077764921754,28.161541877867126],[85.348491183881634,28.161140817911086],[85.34853847841957,28.161079449452181],[85.348566397904079,28.161007176611832],[85.348679191191763,28.160513615785227],[85.348889231024771,28.160024216476806],[85.34920389895747,28.159678441252591],[85.349248637331442,28.159611410851827],[85.349451539751186,28.159179000855143],[85.349719996647224,28.158761297021169],[85.349754794837949,28.158680824968702],[85.349761974497653,28.158593445807607],[85.349740563370005,28.158330009095309],[85.349718675630513,28.158243346456366],[85.349669693245417,28.15816857873553],[85.349598984446345,28.15811390011207],[85.349514298574462,28.158085303097689],[85.349424916790227,28.158085921786352],[85.349340634903328,28.158115688372785],[85.349270689799425,28.158171340583603],[85.348735525916027,28.158766441103605],[85.348712524901856,28.158795884148955],[85.348329749558332,28.159362738896764],[85.347944577679385,28.159795661522466],[85.347932287815553,28.15981051003893],[85.347548680534985,28.160309202604914],[85.3473951842373,28.160422070165481],[85.347227642253344,28.160373172774094],[85.347132833058325,28.160363040929052],[85.347040413954701,28.160386496142301],[85.346604663202697,28.160584259620116],[85.346542193406449,28.160623713022002],[85.346155374101301,28.16094989541342],[85.346137485035996,28.160966416612727],[85.345887547732573,28.161219057248527],[85.345866370718042,28.161243175882596],[85.345558978364309,28.161638369579673],[85.345271793127054,28.161759875458557],[85.34488784727516,28.16185514183946],[85.34481675775038,28.161884013931218],[85.344756660428217,28.161931717495911],[85.344416825363965,28.162291213559651],[85.343973405719737,28.162474579587165],[85.343402261100252,28.162631140211364],[85.342522950269213,28.162577564380559],[85.342507475420632,28.16257706625565],[85.341661805519649,28.162574104442854],[85.341207352722748,28.162476440741418],[85.341131088412624,28.162471121566867],[85.341056390297169,28.162487392097493],[85.340989247073537,28.16252394789235],[85.340935041748082,28.162577858200354],[85.340814928130982,28.162737153406553],[85.340356605684832,28.162707106277928],[85.340231264507636,28.162584476502317],[85.340019587723305,28.162196096352542],[85.33997858014358,28.162139679999747],[85.339924489522176,28.162095650110665],[85.339201182811351,28.161648495634076],[85.338970859669743,28.161246096947167],[85.338957513297117,28.161225088741066],[85.338473139383609,28.160535108286901],[85.337989958938934,28.159732718500717],[85.337915224378037,28.159652031807227],[85.337302600360118,28.159215990934452],[85.337284172812943,28.159203975004992],[85.336758108951756,28.158890725285705],[85.336452590604168,28.158420482631879],[85.336397370041823,28.158358790480268],[85.335727125603654,28.157809252399627],[85.335619008881579,28.157755514652663],[85.334344543331923,28.157449322262259],[85.333128962609109,28.156671507539833],[85.332703570353033,28.15611685003201],[85.332481643055445,28.155724418226868],[85.332415333568051,28.155646528304636],[85.332324807775066,28.155598895659224],[85.331563099056254,28.155368446798061],[85.330936585488402,28.155095274608879],[85.330265418442394,28.154555676734859],[85.329652867366775,28.153924992740112],[85.329472837800083,28.153644637017059],[85.329425335982449,28.153589004181949],[85.329130361759965,28.153325988102033],[85.329074617917101,28.15328764171759],[85.328595072289716,28.153039849929328],[85.32832748778192,28.152670743760268],[85.328248028427168,28.152597831201327],[85.327801286763702,28.15232919122327],[85.327552853224873,28.151802025634247],[85.327477983846009,28.15170685343368],[85.326792840189739,28.151154990274755],[85.326139725159024,28.150403585643033],[85.326083848616918,28.150354825161433],[85.325548468964087,28.150004270898297],[85.325518388901159,28.149987221408473],[85.325109672321574,28.149788992051768],[85.324775999156913,28.149549947589644],[85.324699522870631,28.149511798425564],[85.324614954535377,28.149499462390732],[85.323359032775159,28.149517152832761],[85.322875120341322,28.149416773517579],[85.322212671396542,28.149241614671467],[85.321936556416432,28.148872401893698],[85.321603496387525,28.148160162880114],[85.321569408560464,28.14810543896612],[85.321523318695526,28.148060356696128],[85.320806565417783,28.147510179165717],[85.320749485579768,28.147476602819051],[85.320114555170846,28.147201563375376],[85.318963008640608,28.146252598462382],[85.318869581319291,28.14620256075332],[85.318016888911828,28.145944241803154],[85.317499103893795,28.145467151061773],[85.316810630863429,28.144816917389214],[85.316760559991565,28.144779567163983],[85.315865211215822,28.144261007447486],[85.315755176496282,28.144225836395613],[85.314855248100827,28.144141190670389],[85.313633151224423,28.143351949011635],[85.313387510039121,28.142900927128103],[85.313241320915694,28.14223714683289],[85.313191922709052,28.142130954331325],[85.312755489915759,28.141561629931928],[85.312709302224008,28.141514603318999],[85.312037721798617,28.140980320971082],[85.311679209492311,28.140566075596372],[85.311602617342601,28.140504801818103],[85.311509189935592,28.140474932889081],[85.310823448643788,28.140387527056284],[85.310748885602877,28.140388403489322],[85.309825588440859,28.140528215963705],[85.309437196370254,28.140244847271074],[85.309350908007474,28.139753033079174],[85.30932117705315,28.139668900714629],[85.309265647423572,28.139599053419413],[85.309190384100262,28.139551119959581],[85.309103607391279,28.139530335658122],[85.309014795104019,28.139538970589676],[85.308933647373067,28.139576081641525],[85.308698365935228,28.139735302714612],[85.308140870286238,28.139484106898951],[85.308138699595233,28.139483140299561],[85.307532135326738,28.139216231938786],[85.307478876137409,28.139199126999181],[85.306829913323156,28.139062851377073],[85.306708414960113,28.138709387401157],[85.306819708502687,28.138127296870259],[85.306820714419601,28.13803146576549],[85.306669348351221,28.13713855554159],[85.306665609975852,28.137120335768916],[85.306570047464177,28.136724390270292],[85.306535105498938,28.136642361857454],[85.306475352726764,28.136576186275366],[85.306397305069808,28.136533079840941],[85.306309473471345,28.136517743225969],[85.306221435794242,28.136531848858116],[85.305787331505584,28.13667799561042],[85.305491376251751,28.136304474078521],[85.305142246595608,28.135730862314592],[85.30462396847534,28.134825267164086],[85.304581490893597,28.134769406135913],[85.303834017991846,28.134014513530808],[85.303744291391041,28.133171259560381],[85.303722217049298,28.133089455170985],[85.303341196118396,28.132238814262575],[85.303303805511533,28.132178274883646],[85.303251898021003,28.132129605732136],[85.302610247339388,28.131670499709251],[85.302559825420943,28.131642054070344],[85.301980272851708,28.131392756400309],[85.301774842401585,28.131274506572371],[85.301700786882478,28.130465500294331],[85.301698011120877,28.130444388216976],[85.30156982380565,28.129698387056749],[85.301539118336208,28.129611864322442],[85.301130727982667,28.128884947284892],[85.301074871740127,28.128815536627695],[85.30099946635687,28.128768083626319],[85.3003640011801,28.128502447536434],[85.299952842723158,28.128018606246609],[85.299781081074599,28.127670771150363],[85.300257634936344,28.126738002621792],[85.300284304157785,28.126654581980635],[85.300282869443777,28.126567013765289],[85.30025348174928,28.126484511558317],[85.300199233131707,28.126415755916842],[85.300125831416835,28.126367981038534],[85.300040999643869,28.126346213607839],[85.299173286832684,28.12626941967396],[85.298783453854838,28.126170399298097],[85.298377757437208,28.125950402852002],[85.298089064457301,28.125363681776957],[85.298037768461029,28.125292012852565],[85.297966124535222,28.125240681947151],[85.296974373446474,28.124752095831308],[85.295669697489103,28.123844922071417],[85.295630387534786,28.123822235176632],[85.294679866088273,28.123375580016972],[85.294450466468163,28.122914886690857],[85.294412426606186,28.122857965480208],[85.294361292957447,28.122812441801898],[85.293857865245229,28.122467806845524],[85.293852333569561,28.122464119179025],[85.292905602039781,28.121849684690709],[85.292609898823613,28.121337785009455],[85.292594254113268,28.121313747356815],[85.292270520260061,28.120869834554348],[85.292209854704751,28.120809612883694],[85.292133403974546,28.120771373570566],[85.292048830927712,28.120758949442145],[85.291429243349015,28.120767069942417],[85.291073672430286,28.120658556483598],[85.290226843121289,28.12000343875987],[85.290231141380175,28.119732616535913],[85.290219658698916,28.119650316652987],[85.290183692354589,28.119575406408199],[85.290126649096464,28.119514981335584],[85.29005393208908,28.119474764926789],[85.289407880295343,28.11923843428043],[85.289010647500376,28.11899933376711],[85.288887814604081,28.118481922149517],[85.288863775819095,28.118418027377373],[85.288824479797412,28.118362204194288],[85.288293055966889,28.117780342177532],[85.288236068278223,28.117733014463663],[85.288168363284768,28.117702955471344],[85.287509581003803,28.117513367673816],[85.286535170470984,28.116890299240499],[85.286501230603776,28.116871875153688],[85.285498330064783,28.116417064087543],[85.28486136284809,28.115991221945571],[85.284359276875051,28.115166957228535],[85.284303042355361,28.115101259702072],[85.283658435721037,28.114556091614507],[85.283232404751104,28.113631878309661],[85.283058617751919,28.113175790947835],[85.283024885407542,28.113113416139573],[85.282976076423068,28.113061975194803],[85.282915557539013,28.113025016401057],[85.282127679614774,28.112676426656204],[85.28172765474045,28.112140432488328],[85.281576694501538,28.111857541026353],[85.281523262726168,28.111787783346873],[85.281450260918376,28.111738877063797],[85.281365420949442,28.111716002008922],[85.280929710059269,28.111672322668095],[85.280564581746447,28.111383302144073],[85.280485094776523,28.111339779523412],[85.280058201624769,28.11119244154348],[85.280060062263573,28.110969301799592],[85.280043551547081,28.110874056188013],[85.279994549748537,28.110790730597571],[85.279554189563584,28.110280045112823],[85.279297912466262,28.109770643845877],[85.279254261083395,28.109707933650988],[85.279194789838215,28.109659963006141],[85.27844891641341,28.109216109327456],[85.277946475785328,28.10852149164851],[85.277932575849675,28.108503867130601],[85.277570426010342,28.10808199726765],[85.277506670937996,28.108027674654529],[85.277429335628014,28.107995504709304],[85.277345862575544,28.10798858336139],[85.276662862000023,28.108038538779635],[85.275546165468157,28.107134090782839],[85.275096276661714,28.106473013471053],[85.275044738901954,28.10641652748728],[85.274979432156215,28.106376755185316],[85.274905594228883,28.106356886427641],[85.273758847898989,28.106217703202095],[85.273093142038164,28.105507187854954],[85.272654692897831,28.104984399037626],[85.271865521817105,28.103896098336442],[85.271531301539966,28.103202901580115],[85.271483165491134,28.103133488607309],[85.271415936417199,28.103082346730048],[85.270303754677371,28.102484472346596],[85.269709064498613,28.101747567688413],[85.269658192245942,28.101699090682278],[85.269089226904299,28.101283559109891],[85.268989363936285,28.101238210754317],[85.268109909684767,28.101039945683631],[85.268033994921936,28.101033842256758],[85.267959395842126,28.101049181106948],[85.267407249769775,28.101247170378954],[85.26712899181517,28.100900448647362],[85.266860958918741,28.10040765891161],[85.266822802516032,28.100354218252374],[85.266772874129742,28.100311568851779],[85.266013458964053,28.09980854473034],[85.265996587220101,28.09979823744548],[85.265181341791319,28.099340306197448],[85.264806788821858,28.0990289790637],[85.264777800797518,28.098749488591196],[85.26476591921255,28.098099509688957],[85.264879875775918,28.097651326984465],[85.264887955392496,28.097573257523134],[85.264873240577856,28.09749616280719],[85.26483697474815,28.097426557415208],[85.264782222401323,28.097370323070606],[85.264431577393978,28.09710215957228],[85.264369955592457,28.097066800378407],[85.264301243814415,28.097048739078016],[85.263794200141774,28.096984978899545],[85.263151523513329,28.096806651029429],[85.26268171396292,28.096475448608281],[85.262377295740535,28.096085864994954],[85.262369098053327,28.096075876103495],[85.261929440613571,28.095565561168641],[85.261780588410033,28.095333842113345],[85.26172206816355,28.095268919212796],[85.261645874446202,28.095226092589037],[85.261307300041381,28.095102698563476],[85.261258088769964,28.095089861511603],[85.260791029266514,28.095014081122951],[85.260509583453256,28.094862421481928],[85.259936290599725,28.094541422114013],[85.25993342876717,28.094539842389526],[85.25945318552904,28.094278529707591],[85.259377197034709,28.094250958567503],[85.258856050987291,28.094146509746931],[85.258792353157375,28.094141454751551],[85.258474980418967,28.094153970378922],[85.257621730328253,28.094130655518629],[85.257232457451551,28.094090061241495],[85.256954862703182,28.093908841774876],[85.256932860141447,28.093895918061339],[85.256219430499542,28.093521035859553],[85.256188225661489,28.09350708309114],[85.255502293076532,28.093251144383981],[85.255014940033575,28.09289997653141],[85.254982370871801,28.092879853874354],[85.25473266789372,28.092749067420563],[85.25465918376625,28.092723259597836],[85.253971275048329,28.092588812012675],[85.253594295738466,28.092447057304394],[85.253574047781669,28.092440343803659],[85.252979654058407,28.092269008933545],[85.252960100800223,28.092264154932266],[85.252387094133127,28.092144411689631],[85.252276742254239,28.092065502047763],[85.252459557082531,28.091764655309092],[85.252490380719138,28.091691413203428],[85.252498548151451,28.09161237020459],[85.252483351927182,28.091534372913717],[85.252446108323369,28.091464177354091],[85.252390043332269,28.091407863773242],[85.25217203470396,28.091245574369573],[85.252105339803975,28.091209242228619],[85.252031165170266,28.091192921754853],[85.251955379892749,28.091197904310608],[85.251883980504019,28.091223795649679],[85.251413334982786,28.091474224009133],[85.250937397556839,28.091531058244296],[85.250431411438953,28.091572750131345],[85.249719438906695,28.091247581749048],[85.249632131670694,28.091224326598294],[85.248885002789891,28.091155239326476],[85.248882279228425,28.091155001378329],[85.2477805627843,28.091064366203604],[85.247732361854474,28.091064718073095],[85.246578368080662,28.091176637731177],[85.245281650608575,28.091219212697791],[85.245268052752877,28.091220002906532],[85.244384301706319,28.091293766830102],[85.244382065069729,28.091293962882737],[85.243338185909778,28.091389839453541],[85.242377025674514,28.09138553034256],[85.242035808246769,28.091260084135406],[85.241723804388513,28.091038386663055],[85.241664756019262,28.091006639775742],[85.240902130326234,28.090711868232994],[85.240848687034642,28.090697303005665],[85.240092881294586,28.090572759638889],[85.240052446938336,28.090569189192259],[85.239367415191566,28.090560397633002],[85.239159263190828,28.09037354671327],[85.239090202292815,28.090328476812918],[85.239010758398734,28.090306355075992],[85.237967164087564,28.090182358706976],[85.237880730309243,28.090186046421479],[85.237321609389269,28.090301448465794],[85.236849816177099,28.090178463884733],[85.236393871765443,28.089995826642649],[85.236377909753756,28.089990008553105],[85.235051027801248,28.089553144234255],[85.233471907604738,28.088976042246621],[85.232134530840213,28.088373603569668],[85.231134899064841,28.087233842995044],[85.230669597823976,28.086225267360867],[85.230663605739181,28.086213092988256],[85.230282258472869,28.085485059518852],[85.230245824037766,28.085432025412612],[85.230197875705969,28.085389118047697],[85.229657573275887,28.085011061359776],[85.229374281266175,28.084291528682797],[85.229343079997733,28.084233956571723],[85.229298936408938,28.084185589116807],[85.22850009816699,28.083499714722436],[85.227965619249161,28.082938561585145],[85.227915884379556,28.082897510984406],[85.227857833567512,28.08286942518199],[85.227124376479424,28.082617454167341],[85.227072719316752,28.082605225790289],[85.226339070481032,28.082506339994072],[85.225629574707824,28.082094839279371],[85.225516794332819,28.082059353076996],[85.224823253699356,28.082000884297312],[85.223975457392726,28.081815769678535],[85.22328110245644,28.081415555434624],[85.223170751858873,28.081380592245605],[85.222623708197489,28.08133078925038],[85.221838134509653,28.081071981883614],[85.220485556409358,28.080455292052903],[85.219566489998627,28.079769341549763],[85.218786778672253,28.07900206445726],[85.218785353829361,28.079000672644213],[85.217789370939244,28.078034931408382],[85.217788245503471,28.078033846448463],[85.217023430080445,28.077300797181366],[85.216990772065913,28.077274064512391],[85.213027124123442,28.074517209632784],[85.213009053527159,28.074505677500714],[85.210906584401016,28.073278583398906],[85.207426084182131,28.068850223552953],[85.206866284441062,28.068126853255777],[85.207171883447202,28.066785182218101],[85.207366988367696,28.066368168663189],[85.20759366743232,28.066239754562702],[85.207653055763188,28.06619418446893],[85.20769764930948,28.066134059408281],[85.207724020297249,28.066064001016255],[85.207730141666701,28.065989394474148],[85.207711007575966,28.065655288750143],[85.207718702994015,28.06523002918243],[85.207718705595667,28.065220404994214],[85.207699858644375,28.064146810136091],[85.208024845310803,28.063245148308948],[85.208025420603761,28.063243536181307],[85.208568585236875,28.061706062158148],[85.209219349225705,28.060685069365348],[85.209703095389798,28.060372979829765],[85.210761611691822,28.060209153791568],[85.210844143932263,28.060182260856081],[85.210913877519204,28.060130569197725],[85.210963604926178,28.060059421564691],[85.210988186426164,28.059976171636468],[85.210985081323642,28.059889423961977],[85.210954610555916,28.059808144610326],[85.210899923521623,28.05974073445552],[85.210826672565119,28.059694160878642],[85.210417208614842,28.059518678751452],[85.210323076649203,28.059497125343857],[85.209507343539883,28.059460152830585],[85.209377940387611,28.05780316797523],[85.209450133972084,28.057297758037528],[85.209621068709353,28.05722268637297],[85.210526892154249,28.057202367152719],[85.210586488873673,28.057194331686699],[85.21155427712381,28.056951728279358],[85.211635304475877,28.056916514763671],[85.211700626852817,28.056857030223306],[85.211743250169377,28.056779643684703],[85.211758610735089,28.056692640946284],[85.21174506388985,28.056605337415686],[85.211704060098214,28.056527080706438],[85.211639989647651,28.056466249786375],[85.211037792448209,28.056058563963948],[85.210973647886746,28.056026621429687],[85.210903359837189,28.056012677242737],[85.209878328226196,28.055948270798186],[85.209814763129728,28.0559517970486],[85.209753790669168,28.055970108656492],[85.209714762577889,28.05598706798872],[85.209609124336168,28.05572129716975],[85.209521904657876,28.055062088982993],[85.209498293095294,28.054982018906006],[85.209340610279682,28.054648786277319],[85.209484799429433,28.054153922296965],[85.20949541699207,28.054069045102853],[85.209478951279664,28.053985106130785],[85.20943705493265,28.053910530217621],[85.209373933028616,28.053852802443124],[85.209070378054321,28.053653176741321],[85.209010116775715,28.053623542476405],[85.208944406049767,28.053609696471543],[85.208365115868631,28.053561509247729],[85.208117864264509,28.053085611423484],[85.208052659122458,28.053003962948374],[85.207619110753882,28.052637174476633],[85.207569551450405,28.052315053090116],[85.207533420018891,28.052215880875824],[85.207220714113305,28.051701365306329],[85.207152469534165,28.051625958621582],[85.206807267885907,28.051365845526274],[85.205865016086946,28.050581572786623],[85.205332343212646,28.050063425451331],[85.205197651510332,28.049686517906238],[85.20515714471189,28.049612415172295],[85.205095726527702,28.049554451195995],[85.204360354975194,28.049051964719016],[85.20385086208492,28.048154927629156],[85.203847138828422,28.048148575563193],[85.203193876762867,28.047068120732845],[85.203171975865217,28.047037066394392],[85.201978511502219,28.0455752186304],[85.201968777079742,28.045563944804925],[85.200923490116679,28.044418795200322],[85.200905005908353,28.044400411885558],[85.200120937486247,28.043692546064307],[85.200075718784646,28.043659541241968],[85.199193449868687,28.043146567342522],[85.198126487381941,28.042514990862635],[85.197393667409045,28.042037079914707],[85.196438720566903,28.041122350243501],[85.195698187837039,28.040279814952221],[85.195202347001072,28.039278988625412],[85.195348895502633,28.038050754309147],[85.195350241398813,28.03803608021159],[85.195440912029866,28.036625079457409],[85.195441060094069,28.036622596665303],[85.195633746485058,28.033120167994294],[85.195634029868572,28.033113527889331],[85.195719208091717,28.030307274318883],[85.195711385843524,28.030234059836285],[85.195684074769176,28.030165681087787],[85.193988990484357,28.027182899363186],[85.193942992427651,28.027123232214159],[85.192447867384246,28.025661596185468],[85.192359626484404,28.025604067620289],[85.190912119486114,28.025023537195349],[85.190903948330543,28.025020412804022],[85.189303101969131,28.024437846435969],[85.189242908366452,28.024423487825274],[85.188370151349559,28.024318857830337],[85.188005948227399,28.023995114877334],[85.187932994176492,28.02394877354612],[85.187523703451589,28.02377323028248],[85.187420839623442,28.023751393749926],[85.187191758304778,28.023748370906485],[85.18699190286857,28.023568435507237],[85.186799479748942,28.02319869931841],[85.186610754013742,28.022686136172371],[85.186605645409088,28.022068764794955],[85.187063064251987,28.021536761151193],[85.187634100562761,28.020936783607134],[85.187651864589213,28.020916125303028],[85.188161362796805,28.020259285973637],[85.18820592554944,28.020173709030715],[85.188423809764984,28.019470486292541],[85.188435699535219,28.019401119072207],[85.188452285154696,28.018976615444434],[85.188562811916796,28.01751121241282],[85.188563462692201,28.017498749094099],[85.188585335921744,28.016746117684537],[85.188647262804636,28.016465637280156],[85.188651562146561,28.016374215012522],[85.188625072952192,28.016286608860103],[85.188570838940919,28.016212885136767],[85.188033097577474,28.015695362770561],[85.187978765178286,28.015654873769396],[85.187315176511646,28.015279658187424],[85.186833896297486,28.014817247613081],[85.186709016486205,28.014406318231131],[85.186651221988242,28.014304038612135],[85.185926299336117,28.013499907777113],[85.185647740794536,28.012887453983531],[85.185368048041141,28.012272498960453],[85.185244996123984,28.011399148111625],[85.185230532756719,28.011342247092163],[85.185055368173551,28.010873832615289],[85.185259237783441,28.010343004671657],[85.185277149621626,28.010250729016956],[85.185290979923153,28.009425915846958],[85.185465615470207,28.008792340466567],[85.185642622865117,28.008504335420621],[85.185672753140196,28.008435192181985],[85.185682582395302,28.008360412461005],[85.185676183725832,28.007682372728123],[85.185806145761404,28.007359820216717],[85.185809869586961,28.007350034879043],[85.185942862163756,28.006979079183466],[85.186332304936499,28.006693668239471],[85.186396225786595,28.006627341371484],[85.186434129833373,28.006543386551897],[85.186441605270161,28.006451575624773],[85.1864092581297,28.006093846564507],[85.186393686339741,28.006024762874265],[85.186360687047781,28.00596210440612],[85.186013874949083,28.00547245264146],[85.185826313539096,28.005129913055431],[85.185902434501671,28.004965182022346],[85.18600683973348,28.00489292897452],[85.186311059577335,28.00492492520177],[85.186594947288583,28.004981679152369],[85.186682851703338,28.004984643379952],[85.186767044738531,28.004959197248525],[85.186838592031634,28.004908041040391],[85.186889901155851,28.004836603329405],[85.186915527310262,28.004752464913743],[85.186912751108949,28.004664554359852],[85.186881867155734,28.004582200524403],[85.186826152781478,28.004514142598477],[85.18646323566783,28.004195074755057],[85.186248020735277,28.003984216849066],[85.186299314787718,28.00377296942618],[85.186301503508105,28.003763163187351],[85.186425431645617,28.003154899180654],[85.186537350370827,28.002721636409564],[85.186824336248137,28.002362684317852],[85.186877117226501,28.002252219799189],[85.187105312780886,28.001217351785687],[85.187109374937478,28.001194164058294],[85.187241312953915,28.000183547369783],[85.187242974724811,28.000166736205223],[85.187287620693596,27.999503763222382],[85.187282992094936,27.999432692975148],[85.187031769332819,27.998176026848785],[85.187151654214389,27.99745223036722],[85.187150266228699,27.997356302363112],[85.187000183509014,27.996588674181879],[85.186992004727131,27.996557105656965],[85.186800604525089,27.995967583588435],[85.18674532087185,27.995871267370983],[85.185509768199196,27.994485629949779],[85.184874855211078,27.993460399114465],[85.184907583352839,27.992556121963187],[85.184894930806493,27.992464117770826],[85.184512452450363,27.991268058012448],[85.18451096735744,27.991263550851656],[85.183780366943552,27.989110084115183],[85.183768873404418,27.98908163354961],[85.183338293984079,27.988168894960776],[85.183209554396626,27.987549700698178],[85.183244674553038,27.986561924274369],[85.183241240483966,27.9865083592756],[85.183053017184122,27.985368027825924],[85.18303262324541,27.984340800315529],[85.183018506912347,27.98425984183017],[85.182980690124324,27.984186879937695],[85.182922676275879,27.984128673919109],[85.182465997097552,27.983792704357118],[85.182211401489482,27.983488946118708],[85.181955647222409,27.982672271234343],[85.18176373662385,27.982000873566466],[85.182013681672302,27.981330631433842],[85.182018020095583,27.981318060396688],[85.182325718133384,27.980349775799624],[85.18269928325229,27.979581264390202],[85.182718901381591,27.97952663201508],[85.182914554374022,27.978716778723822],[85.182915191367428,27.978714081490558],[85.183166064621147,27.977626889703028],[85.183445114240001,27.977079524271016],[85.183742558328092,27.976562926584027],[85.184063453281567,27.976301358866657],[85.184121635030593,27.976235476373823],[85.184155572562943,27.976154397013449],[85.184161669329427,27.976066713216657],[85.18410328998992,27.97544799872961],[85.184281028659953,27.975054220047312],[85.184578521409435,27.975053256616672],[85.185420269864693,27.97534725114167],[85.186213349550215,27.975628285270719],[85.186898007595431,27.976278863495544],[85.186949270510681,27.976317122390729],[85.187841441039765,27.976830806692387],[85.187882676628206,27.976850118458625],[85.189101730091849,27.977300043751086],[85.189185818625845,27.977316581475815],[85.189971136687703,27.977343933863331],[85.190071952118473,27.97732815045401],[85.191007082794272,27.976991657847599],[85.191041021940165,27.976976740421829],[85.19213340686332,27.976404105822656],[85.192204898789257,27.976349769608472],[85.192254617200774,27.976274992612005],[85.192277062709849,27.976188045968783],[85.192269752603138,27.976098546907419],[85.192233495456605,27.976016394981269],[85.19217230169842,27.975950677071953],[85.192019140826929,27.975833282587011],[85.19210114688552,27.975832281079487],[85.192468147546236,27.97584546423429],[85.192545017203841,27.975837147785544],[85.192616378051909,27.975807386452516],[85.192676378199806,27.975758620790081],[85.192720097382249,27.975694849788315],[85.192849038797149,27.975432819736429],[85.192874215356397,27.975350744674721],[85.192872354405281,27.975264915124153],[85.192843644085556,27.975184008434496],[85.192790987004599,27.975116204255304],[85.192719706782398,27.97506835757504],[85.192135321946822,27.974799278396432],[85.191731866893491,27.974592346286109],[85.191649180154045,27.974565649167001],[85.191562295553993,27.974566597493876],[85.191480211230854,27.974595093053981],[85.190958047977475,27.974877472570796],[85.190917260590894,27.974904579193716],[85.190817580738823,27.974984754588796],[85.190485820516258,27.974206721732401],[85.190413364768659,27.974107793011314],[85.189638720415488,27.973442540367255],[85.189592234560834,27.973410413375323],[85.18884207703536,27.973000696224929],[85.188762392412642,27.972972276829672],[85.187883575987428,27.972807570502809],[85.18786225251813,27.97280444912975],[85.186943980589888,27.972707275028988],[85.186876377868273,27.972708635019828],[85.186811232927539,27.972726748943764],[85.186404724741237,27.972897062650368],[85.186347960954976,27.972881616565193],[85.186297334177624,27.972694373813678],[85.18626966216253,27.971812622178771],[85.186629306752025,27.971241221344659],[85.186663183065747,27.971161082401096],[85.186755804785392,27.970779478080061],[85.186761572433809,27.970684237444576],[85.186733852484537,27.970592937670052],[85.186501895011261,27.970138995819291],[85.186443087541562,27.970062068422131],[85.186360920462377,27.970010836459217],[85.185762595945832,27.969773773518753],[85.185286408552997,27.969579080233991],[85.185108601257497,27.969159651371605],[85.18506346309222,27.969087524865703],[85.184998120631249,27.969033026704139],[85.184457341852792,27.968711122014913],[85.184391318711121,27.968682928301995],[85.183714147269384,27.96849533629732],[85.183694296979525,27.968490636922997],[85.182833666601212,27.968320943520276],[85.182231759082129,27.96811453817217],[85.182160863298762,27.968100454834907],[85.181535192091204,27.968061714644861],[85.18031684454904,27.967243406024462],[85.180316486831856,27.967243166175887],[85.179590097360503,27.966756963002513],[85.178849865653362,27.966129966749016],[85.178297166765333,27.965522913905321],[85.178248187260706,27.965480633736096],[85.177545145983359,27.965007859871061],[85.177350904750014,27.964710451549376],[85.177304565691557,27.964656595316839],[85.176926967663206,27.964319809903891],[85.176884186183614,27.964288609641553],[85.176381344372402,27.963992699019787],[85.176337023683089,27.963971778516125],[85.175708509416253,27.963742257284711],[85.175693356933081,27.96373722643272],[85.174697862187315,27.96343908122881],[85.174309336763187,27.963271519950684],[85.174031372629784,27.963044580095822],[85.174015176075542,27.963032341847985],[85.173563244414794,27.962716828899467],[85.173161401571775,27.962263076037168],[85.173134696983283,27.962236836789096],[85.172788405600059,27.961940857520158],[85.172452902272482,27.961573915330995],[85.17165772659061,27.960336190442735],[85.171637080708038,27.960308199030187],[85.171142834198974,27.959721360752056],[85.170925035355722,27.959366926903567],[85.170714476422731,27.95879379185827],[85.170670811582653,27.958716914286477],[85.170604653590203,27.95865826363141],[85.170523096305843,27.958624128771344],[85.169759662118707,27.958443830846498],[85.169729237931193,27.95843846179611],[85.16959143343496,27.958422204380231],[85.169456203493681,27.95785465268629],[85.169449687852151,27.957831813703478],[85.169267301224039,27.957284925724665],[85.169233759008193,27.957217525602431],[85.169182910816986,27.957162006973384],[85.169118710014757,27.957122686320862],[85.168500893806737,27.956854413157849],[85.167646261014511,27.956215048219914],[85.167587097747173,27.956181487310282],[85.166730775699719,27.955829791942925],[85.166674181472885,27.955813492372648],[85.166058971328511,27.955707167071541],[85.165498400912981,27.955497941615068],[85.165230423677073,27.9549455878667],[85.165018364781488,27.954264445352557],[85.164987267977651,27.954198049231159],[85.164603236744043,27.953604415962793],[85.16433398542965,27.952360249990186],[85.164266135560055,27.951005073623143],[85.164510260883375,27.950309950929423],[85.164525306886915,27.950231067951968],[85.164558788182049,27.949377556822856],[85.164631669381009,27.948447996979787],[85.164617605032149,27.948338467004312],[85.164398383807779,27.947706009946273],[85.164380644116235,27.947665767307726],[85.163990465032995,27.946945957023026],[85.163952408820592,27.946892487863732],[85.163201010287807,27.946070229735827],[85.162939280509576,27.945616387400261],[85.162963104300758,27.945169235927935],[85.162958462314009,27.945103025748928],[85.162937807891751,27.945039948568535],[85.162441843357797,27.943985544511641],[85.161636213561835,27.94197499513108],[85.161060582954178,27.940517874741595],[85.160962749629618,27.939800233181547],[85.160933718895095,27.93971013276818],[85.160875372385476,27.93963559047917],[85.159988391164504,27.938841073122706],[85.159962954113851,27.938820907434273],[85.158574803068888,27.93785035717379],[85.157968555563471,27.936764397234111],[85.157757583127847,27.936064935183769],[85.157636246590087,27.934931377968152],[85.157616591180087,27.934855266756372],[85.157575845706788,27.934788042816397],[85.156469541133688,27.933450324265714],[85.155685460974865,27.932220236488604],[85.15567500968065,27.932205014783666],[85.155329746188315,27.931737278097923],[85.155257442483219,27.931669818321911],[85.154731519889168,27.931335242739994],[85.154614093348783,27.931294455372189],[85.154611357582624,27.93129417529061],[85.154995173536975,27.931096575058927],[85.155068131967681,27.931041641440061],[85.155118603194722,27.930965527772869],[85.155140812703877,27.930876942374546],[85.155132219460683,27.930786020478042],[85.155093806635321,27.930703164639741],[85.155029969116114,27.93063785456215],[85.154623104512766,27.930343156590592],[85.154550778197773,27.930305904169359],[85.153760289730542,27.930040089759519],[85.153666648431411,27.930026114752462],[85.153573939759426,27.930045326620274],[85.153070876862216,27.930246593246174],[85.152686501631337,27.930049384879879],[85.152614336663504,27.930024489087725],[85.152538087872742,27.930020787066962],[85.151981655992984,27.930072869705818],[85.151915198419971,27.930087714750233],[85.151854568555848,27.930118714813652],[85.151365139430823,27.930452895063731],[85.151184166636867,27.930447311554506],[85.151052473816094,27.929702474271934],[85.15098980060057,27.929301202459985],[85.151216888333252,27.928977369001249],[85.151255158283732,27.928897492084065],[85.151265520923545,27.928809528871845],[85.151244727009811,27.928372089416087],[85.151453843950577,27.928024554065559],[85.151460868888734,27.928012149225431],[85.151925919173493,27.927137898869056],[85.151932883045191,27.927123836449507],[85.152181541681415,27.926582714003615],[85.152183780857683,27.926577707795605],[85.152423005759616,27.926027950983258],[85.15244377666302,27.925950051538145],[85.152440621799073,27.925869492238185],[85.152413822455017,27.92579345573948],[85.152183007671667,27.925359382854058],[85.152091490825612,27.924854281168244],[85.152139558434101,27.924174169211909],[85.152135064024108,27.92410256920089],[85.151973070852677,27.923286412267082],[85.15198531368263,27.922566803012039],[85.151973734813538,27.922483860208498],[85.151937297467313,27.922408455310325],[85.151610114668998,27.921936167693609],[85.151561497989661,27.921882902238426],[85.151500515840254,27.921844405905091],[85.150284345090355,27.921287898590968],[85.149765826423121,27.920883230781492],[85.149750840025121,27.92087234108325],[85.149211130134532,27.920507785863197],[85.149173048653566,27.920486332479317],[85.14892597405381,27.920372417860648],[85.148849512037827,27.920350102322065],[85.148769866003676,27.920351067926447],[85.148693967475921,27.920375230638097],[85.148459480267277,27.920490315093268],[85.148170698015988,27.920395472167627],[85.147744282517422,27.919981605272014],[85.147739305188793,27.919976895591702],[85.147425786109892,27.919687687130391],[85.147417537884309,27.919680384251944],[85.147155560013033,27.919457799344894],[85.147056591142771,27.919404433993034],[85.146188936333246,27.919150451225278],[85.145228086470624,27.918668691025413],[85.145120075780781,27.918450112485374],[85.145070379888722,27.918380262597161],[85.145001292817071,27.918329511586307],[85.144507599143196,27.918076152076381],[85.144387961341764,27.918046391088318],[85.143876653559872,27.918039500511146],[85.143010019644251,27.917519938279447],[85.142987862312012,27.91750802123439],[85.141575021213484,27.916831021221135],[85.139018989593424,27.915278360705212],[85.137544566542701,27.914183895242466],[85.136919536132439,27.9136269805743],[85.136857387229782,27.913359366073106],[85.137323837192838,27.91261922867972],[85.137874248766295,27.911869222333767],[85.138502988896946,27.911247907015014],[85.139081995539229,27.910862071045678],[85.139164088748032,27.910775810121137],[85.139612269393979,27.910025241011514],[85.140267216753557,27.909098994892027],[85.140863468314691,27.908387331813348],[85.141836927919272,27.907297774212882],[85.141868699196436,27.907254108550095],[85.142164643958637,27.906747669597042],[85.142195367375265,27.906668794516172],[85.142200158536113,27.906584282673869],[85.142178546526836,27.906502440583438],[85.14213265555199,27.906431312353185],[85.142066996150959,27.906377889045835],[85.141962852462314,27.906317483348207],[85.141913100212591,27.906161030461771],[85.141844922831723,27.90574319971849],[85.1418447292682,27.905720390374633],[85.142075629079955,27.905653437926933],[85.142156848660719,27.9056141994187],[85.142220611245037,27.905550398057677],[85.142259800367995,27.905469154636592],[85.142270042178978,27.905379536635412],[85.142250193601839,27.905291546210854],[85.142202469912291,27.905215003867781],[85.141910176880501,27.904885311704763],[85.141786032239793,27.90457134482099],[85.141897107076943,27.903984390926833],[85.141901815296833,27.903933819917246],[85.14190087912381,27.903245802874295],[85.141884576227753,27.903153769466833],[85.141699176179074,27.902644732603445],[85.141576756774555,27.901900939642289],[85.141545542270791,27.901812197222238],[85.141485775957378,27.901739550473227],[85.140925521992799,27.901260652563359],[85.14000310263846,27.900427298848175],[85.139912945604905,27.90037338650086],[85.139194249778413,27.900116602838263],[85.13883659834238,27.899409142810921],[85.138904413634251,27.898755953155138],[85.138888880081396,27.898633840644493],[85.13860427180272,27.897869625009296],[85.138455326568405,27.897186992787059],[85.138446479417794,27.897155655858164],[85.13829729310595,27.896727795504006],[85.138664973652595,27.896180351611342],[85.138703393072561,27.896092767436219],[85.138872696780723,27.895386668168577],[85.139454067386211,27.89493483114591],[85.13952159105969,27.894857708597879],[85.13955550136572,27.894760974813508],[85.139684772596723,27.893882976612289],[85.139687435691371,27.893854462244374],[85.139731720739817,27.892749740921154],[85.139722980847736,27.892669959953249],[85.13969117535693,27.892596272781308],[85.139639114576383,27.892535190347797],[85.139571398557081,27.892492109850092],[85.13886432614774,27.892178528588968],[85.138778626963571,27.891993128814772],[85.138731302699625,27.891559609484954],[85.138794076898961,27.890763477792198],[85.138873070990101,27.889852010046109],[85.138872976004635,27.889804313513185],[85.138798222106729,27.888979953538069],[85.138780844701358,27.888906163815385],[85.138743639374241,27.88884011337235],[85.138689539118474,27.888787009137893],[85.138112888843054,27.888361904394937],[85.13803009167134,27.888320569392672],[85.137428790028906,27.88814060303714],[85.136837169508212,27.887799520878435],[85.136012759466567,27.887088131184793],[85.135531618523913,27.886481092824184],[85.135476778394818,27.886428968987946],[85.134686730420952,27.885865618115449],[85.134639828986877,27.885838812101106],[85.133583171476303,27.885368176271257],[85.1331967173614,27.885139961447916],[85.133184993788817,27.884758240836998],[85.133164893039478,27.884663991747448],[85.133112973149636,27.884582805196576],[85.131617406786773,27.882972232736076],[85.131604211028289,27.882958974515923],[85.130562679642566,27.881982615850973],[85.130371261495554,27.881621802129171],[85.130626309730602,27.88137366763338],[85.130675142946387,27.881309288532307],[85.130702739105928,27.881233342475156],[85.1307066265353,27.881152631636283],[85.130686457053528,27.881074384951859],[85.130454643516501,27.880529860381522],[85.130404041245271,27.880451863707901],[85.130329982251993,27.880395655732809],[85.130241248034508,27.880367901280998],[85.130148360195975,27.880371891318877],[85.129228774497747,27.880573635357397],[85.12894032569811,27.880530185676974],[85.128802148379563,27.88016739709262],[85.128758871295091,27.880092613453435],[85.128319984752466,27.879555731592333],[85.128253651461733,27.879144860831641],[85.128226207604186,27.87858426460997],[85.128213908934754,27.878515879991514],[85.128013428089986,27.877883430094069],[85.127895171458434,27.877312796448024],[85.127982087128771,27.876231401803121],[85.128225124751978,27.875940413394474],[85.12827270753607,27.875856616930353],[85.128287832646592,27.87576144760876],[85.128268573453838,27.875667028054451],[85.128000847187593,27.87499794584771],[85.127953194668592,27.874920259338669],[85.127442822281722,27.874338110607898],[85.12739266185234,27.874293543348291],[85.127333060550228,27.874262721374141],[85.125933086056961,27.873747431087484],[85.125895214130765,27.873736555218766],[85.124751758830939,27.873496877714771],[85.12376537129073,27.873231856692243],[85.123467309793369,27.87294311926221],[85.123478728473643,27.87273947868848],[85.123468328647874,27.872648683001863],[85.123428235443612,27.872566557804415],[85.123363042262312,27.872502512022383],[85.123280218161625,27.872463883258096],[85.123189252139824,27.872455097134939],[85.123100565999408,27.872477160262171],[85.122782393731327,27.872616920290302],[85.122548467396783,27.872417346406877],[85.122468699642837,27.872370193615339],[85.121820554296661,27.872125179411057],[85.121059215000955,27.871582111358361],[85.120972489798376,27.871541170948884],[85.120249616182818,27.871346926703744],[85.119691381599054,27.870762109880484],[85.119243069729308,27.870288347461301],[85.119201796740526,27.87025273753224],[85.118487011724966,27.869752359378115],[85.11841114487062,27.869715355813224],[85.117756482539846,27.869515112384093],[85.117177267731549,27.869230007705724],[85.116815063572318,27.868809499874917],[85.116770396717357,27.868768154808791],[85.115949536414078,27.86816480661091],[85.115877751684835,27.868127146231398],[85.115798023472621,27.868112491412624],[85.115383609953895,27.86809960202331],[85.11533998879014,27.86772967935234],[85.115316919458209,27.867264796157752],[85.11529725320942,27.867176202473626],[85.115065934018332,27.866609104094213],[85.115033190885043,27.866550771885628],[85.114537177516397,27.865878545052954],[85.114530872695894,27.865870334622883],[85.114020695620212,27.865231686670715],[85.113856833672074,27.864586474906815],[85.113826885957778,27.864514392135259],[85.113777569624816,27.864453888491973],[85.113102963605542,27.86383560727489],[85.113080255623416,27.863816963666896],[85.11243381883358,27.86334267153785],[85.112374854445747,27.863246391603138],[85.112556426741435,27.863157450142303],[85.112631707866043,27.863102708738445],[85.112890155021717,27.862835557078395],[85.112940405723279,27.862762783151457],[85.112964445851219,27.862677675867992],[85.113002027163674,27.862339828750045],[85.112997618675323,27.86225307895516],[85.112965893452255,27.862172218137065],[85.112910134973092,27.862105615181548],[85.112522703381742,27.861771096838027],[85.112394100349661,27.861494294028361],[85.112099374048469,27.860742265809751],[85.112083590615484,27.860708905147725],[85.11180047453874,27.860203125634964],[85.111752034036343,27.8601404007924],[85.111687468276628,27.860094442650382],[85.111612340089664,27.86006921085157],[85.111533122338841,27.860066879306881],[85.111456640234465,27.860087648896581],[85.111314206434088,27.860149972382882],[85.111318005093565,27.860093423069713],[85.111497801610255,27.859979079292117],[85.11156434854378,27.859919159619469],[85.111607637676556,27.859840770127089],[85.111622907286176,27.859752533510235],[85.11160847774461,27.859664155629169],[85.111565936274019,27.859585357882935],[85.111499962355353,27.859524807873949],[85.111294654399998,27.859391480004923],[85.111220306054619,27.859268510664364],[85.1113904795682,27.859284934119611],[85.111485744060516,27.859277130566682],[85.111956399645635,27.859152089150321],[85.112476712027785,27.859071366257055],[85.112550641770312,27.85904869038113],[85.112615111843695,27.859005988954724],[85.112976024364116,27.858683845421702],[85.112991038075265,27.858669364423381],[85.113391670554734,27.858251894134476],[85.113425230126282,27.858208988454958],[85.11363345225891,27.857878874615341],[85.113844176308746,27.857812303811588],[85.11427053819186,27.857914465660336],[85.114339754584364,27.857921824495595],[85.114949134534669,27.857907597737789],[85.114990055496591,27.857903509609891],[85.115500201492779,27.857812888767423],[85.115817200525044,27.857875710619858],[85.115913919048992,27.857877213725732],[85.116004960442936,27.857844530445703],[85.116633071381031,27.857480911848494],[85.116701707666053,27.857424220259769],[85.11674817721125,27.857348289651817],[85.116767428365364,27.85726137435443],[85.116757368357369,27.857172922830454],[85.116719090799293,27.857092550544177],[85.116656756800779,27.857028994675176],[85.116230655297784,27.85671864881418],[85.116168227290672,27.856684742429508],[85.116099116444531,27.856668292811285],[85.116028107333577,27.856670438773801],[85.115281408649082,27.856792590399866],[85.114467361211766,27.856821632977834],[85.11409837720349,27.85658926044481],[85.114018714760206,27.856555477917084],[85.113932456556739,27.856548630553853],[85.11310642278869,27.856616282751581],[85.113040006662629,27.856630282455232],[85.112979180688072,27.856660403781923],[85.112362967363055,27.857069284427006],[85.112310739459105,27.857114556992634],[85.112271717068623,27.857171606201131],[85.112056232838881,27.857594175713285],[85.111631745085759,27.85775581944737],[85.111081722840851,27.857620646724762],[85.111012852802773,27.857612881160801],[85.110263911944116,27.857625178209254],[85.110206341607253,27.857632357431466],[85.109460907052068,27.857808239765983],[85.109440943533443,27.857813766503103],[85.108711154200037,27.858046289207657],[85.107946240987033,27.857885897138452],[85.107932038054614,27.857883313291609],[85.107511214066619,27.857818325793886],[85.10744279935426,27.85781653703653],[85.107112254799063,27.85785001569263],[85.106878964755637,27.857851525189325],[85.106426761904956,27.857741830451388],[85.106056366003088,27.857626417829856],[85.105972334049852,27.857614219430069],[85.105366468998938,27.857622547111134],[85.104621911444383,27.857578917251171],[85.10453470861745,27.85758806892688],[85.104358848978848,27.857636296752652],[85.10402259995702,27.857472116652708],[85.10394574095622,27.857447964696615],[85.103350914474731,27.857355195165553],[85.103324436548405,27.857352394345533],[85.102525732490378,27.857307571414257],[85.102446199638322,27.857314941073401],[85.10170979628198,27.857495820092026],[85.100808077681137,27.857697035463321],[85.100787118610057,27.857702604752621],[85.100123646999279,27.85790776145199],[85.100107805372915,27.857913203811222],[85.099435437977675,27.85816777486254],[85.098963079759443,27.858275304338068],[85.098483671441898,27.85812901566554],[85.098126621103248,27.857911590801798],[85.098059077709962,27.85788222203167],[85.097986110825403,27.857872198639356],[85.097913150061217,27.857882266485507],[85.097568822931819,27.857979025167353],[85.097480916170142,27.858022173615367],[85.097154855617006,27.858264255351816],[85.096600361446136,27.858384454350251],[85.096580395430351,27.858389587734013],[85.09572359148379,27.858645120957064],[85.094799712476544,27.858839608272014],[85.093996716899142,27.858881722336083],[85.092688197503108,27.858686798454052],[85.092687916364966,27.85868675672549],[85.091492227148407,27.858509926999076],[85.091494691071105,27.858369312630227],[85.091494730226771,27.858363471417796],[85.091491110537916,27.857483687186338],[85.091479183240281,27.857405427639609],[85.091445071030449,27.857333991134773],[85.091391706349839,27.857275518680183],[85.090828692491968,27.856816579386326],[85.090818630887725,27.856808765439609],[85.090045523872561,27.856237083337085],[85.089940101928718,27.855940674368743],[85.089894398565917,27.855859832452371],[85.089824007251181,27.855799257906352],[85.08973725541496,27.855766116818153],[85.088898349095814,27.855602970027597],[85.088741424565356,27.855079743733093],[85.088688077695338,27.854981913146542],[85.08819069795706,27.854399808294389],[85.088089745257804,27.85432617010353],[85.087031584005231,27.853882908552265],[85.086925905449434,27.853861945018068],[85.085732962650425,27.853867950149169],[85.085635750930663,27.853886582873553],[85.084357965840823,27.85438765874531],[85.084296204469211,27.854421781769094],[85.083267875571707,27.855180728676604],[85.082144203882464,27.855372546365587],[85.081627113449741,27.855324736760721],[85.081855427752345,27.85435504312785],[85.082121248672621,27.853511128515763],[85.08213371579096,27.853428184236744],[85.082120127274564,27.853345416279879],[85.082081794477219,27.853270812130472],[85.082022416688687,27.853211571429167],[85.081947724136356,27.853173411173813],[85.081864924992175,27.85316001400308],[85.081782009751151,27.853172672805041],[85.081169481106201,27.853367167888443],[85.081091638288385,27.853406694126342],[85.081030477240546,27.853468993034806],[85.080435736271284,27.854313093439018],[85.079999506062649,27.854307021358583],[85.079003132782191,27.85335070117366],[85.078988054996259,27.853337275688816],[85.078258257466459,27.852734826011517],[85.077852871568723,27.852236540151335],[85.077837336638694,27.852219050887182],[85.07748838503575,27.85185891106304],[85.077419874972193,27.851807679959101],[85.077338776607178,27.851780452950255],[85.076606124544043,27.851658596155882],[85.075918391556797,27.851503948549325],[85.075873946075063,27.851497776093495],[85.07532248989547,27.851467524861036],[85.075232209026495,27.851477887962623],[85.075150479773157,27.85151761652067],[85.075086560332409,27.851582210129255],[85.07504769142588,27.851664351697792],[85.075020370936741,27.851761971515341],[85.074674601203981,27.851729782850494],[85.074556175859456,27.851745289210413],[85.0737898138063,27.852027832607291],[85.073780980702765,27.852031266476079],[85.073345493261954,27.852209421935381],[85.072691752740525,27.852302254107084],[85.072679200821028,27.852304339319463],[85.071686071387106,27.85249347293156],[85.071623535313023,27.852513511720968],[85.071567686436978,27.85254805468967],[85.070878895426858,27.853100315077548],[85.069934539548726,27.853233622241664],[85.069923708440285,27.853235376336901],[85.069011169683293,27.853402256660207],[85.068348029049545,27.853502564252178],[85.068021246719411,27.853342346860558],[85.067951249314447,27.853319234937061],[85.067877609776303,27.853315915881048],[85.067805817026169,27.853332637087295],[85.06733390609314,27.853513378707071],[85.067112040878158,27.853362436769761],[85.067043619601932,27.85332889323179],[85.066968551112154,27.853315802707566],[85.066892814773652,27.853324207885166],[85.066822443146791,27.853353439274333],[85.066763041481238,27.853401168532766],[85.066427494276653,27.853759669048546],[85.065854467918271,27.8539992392122],[85.065844037236033,27.854003861319757],[85.065306598175937,27.854255730497435],[85.065226573636494,27.854313049888319],[85.065172414322163,27.854395246044884],[85.065099941179867,27.854566997777869],[85.064642350369368,27.854628200508248],[85.064580066678545,27.854644260625278],[85.063826147662937,27.854938199971951],[85.063740978444145,27.854991462367799],[85.063223995170489,27.855469213906929],[85.062848683733847,27.855740122097206],[85.062282129648167,27.856075398151017],[85.062273306754093,27.85608085085693],[85.061625820738257,27.856498404847493],[85.060970208032288,27.856772908283038],[85.060922505711119,27.856798794830279],[85.060305910102187,27.857218708649537],[85.060300543903097,27.857222459170902],[85.059951783777635,27.85747256123458],[85.059729907410059,27.857395030723225],[85.059244401374571,27.856970846519118],[85.059221921125911,27.856953213000331],[85.05858273116884,27.856504353311173],[85.058563062860898,27.856491774974412],[85.058025911740415,27.856180124426825],[85.057525125338316,27.855586452227751],[85.057119241970639,27.855066389058216],[85.056368585656273,27.854095778392654],[85.056107446589593,27.853635048674033],[85.056045829008568,27.853561120575705],[85.055962196426876,27.853513500398346],[85.055394730096467,27.853313765529755],[85.055363103775335,27.85330475678845],[85.05487030252867,27.853196332784503],[85.054185218800043,27.853044757511174],[85.053238940528757,27.852657310925114],[85.052321996217387,27.852261855117625],[85.052250646333263,27.852242134735203],[85.051111307031348,27.852090698233336],[85.051076390909472,27.852088345177112],[85.050173649001209,27.85208614398077],[85.048694305804801,27.851369475509383],[85.048647809819514,27.851352025611025],[85.04748215782206,27.851033265241515],[85.046507029521862,27.850695214369551],[85.046444155071441,27.850681532541152],[85.045383880882781,27.850580692341918],[85.044916770841837,27.850328687471016],[85.044854601222056,27.850304509815061],[85.04478840141806,27.850296311850546],[85.044027042850558,27.850296795756634],[85.043944599651638,27.850309745524491],[85.043870049144402,27.850347252849168],[85.043810513589293,27.85040573442928],[85.043332123904577,27.851049386738332],[85.04268589455252,27.851859925709952],[85.042665594915178,27.851889147405725],[85.042181623710064,27.852694328858277],[85.042173160229723,27.852709493676187],[85.041883933381953,27.853269311530671],[85.041856087206924,27.853358253943703],[85.041767811904563,27.854033708604909],[85.041772583855817,27.854129988292186],[85.041801281526816,27.854253107639995],[85.041642362820937,27.854014458169694],[85.041706043572631,27.853465360780962],[85.041702452423948,27.853380582440948],[85.041672725876737,27.853301105427445],[85.04161979999364,27.853234779609071],[85.04154890221352,27.85318815592348],[85.041032820998467,27.852955257122765],[85.04102049462756,27.852950058049409],[85.040529078317959,27.852756982427589],[85.040472584128082,27.85274160663473],[85.040045959751168,27.852674030794034],[85.039524680345508,27.852577008734311],[85.039451560015991,27.852573493749972],[85.039121111019455,27.852602631516376],[85.039026423583991,27.852628934455655],[85.038421510994851,27.852924102145138],[85.037491407931313,27.853079934899611],[85.036878473365675,27.853071212008139],[85.036102577628341,27.853004465218355],[85.036017451168604,27.853010683069094],[85.035486177763815,27.853135996761829],[85.034871367593936,27.85302379579116],[85.034844606224638,27.853020283294974],[85.034010057996866,27.852952954571606],[85.03333023584112,27.852823990180738],[85.032936320617026,27.85245317703723],[85.032827878865035,27.852234203890649],[85.033078130992649,27.851934658451814],[85.033123900923044,27.851855910711485],[85.033140882058674,27.851766424767519],[85.033154724003808,27.850999688817748],[85.033142681674647,27.850914937048039],[85.033104713960526,27.850838214607737],[85.033044637361584,27.85077723360725],[85.032684854951867,27.850512881438149],[85.032238278972002,27.850071417472545],[85.03162872261548,27.849022113535089],[85.031611002408212,27.848995398384869],[85.031164912521731,27.848402552819941],[85.031098353991794,27.848339851084333],[85.031014683894824,27.848302961242545],[85.029698714516286,27.847973796978625],[85.028625280471928,27.847494126830476],[85.028602550132064,27.847485179982719],[85.027916006918403,27.84725022736141],[85.027516756006435,27.846781428746866],[85.027450421510707,27.846725152338042],[85.026797723081714,27.846332350546444],[85.026781023509329,27.846323088691541],[85.026058731398834,27.84595527060084],[85.025550653715442,27.845658580923409],[85.025526874843024,27.845646234788887],[85.024339353405438,27.845102679767056],[85.023228724290064,27.844504337524427],[85.023223515182835,27.844501603957148],[85.022588062419274,27.844176918701425],[85.022147443376241,27.843446478444271],[85.022134941751673,27.843427592825233],[85.021792773631333,27.842955027126354],[85.021620972952007,27.842315243255136],[85.02181292693831,27.842282186803267],[85.021889984716807,27.842256520837346],[85.021955923210129,27.842209099764663],[85.022004775714507,27.842144214667375],[85.022163562739252,27.841849633921345],[85.022805219050866,27.8417562499681],[85.022902815304022,27.841722030092384],[85.022980386762612,27.841653629088459],[85.023409206056883,27.841095853789287],[85.023452881740383,27.84101176343842],[85.023708204672005,27.840194058835017],[85.024002978058292,27.8392979606887],[85.024016496134337,27.83921247128853],[85.024011801699956,27.838080677038846],[85.024074761964272,27.836837578428586],[85.024212587982518,27.836078547387409],[85.024216364483351,27.836012811652633],[85.024204117520256,27.835948116516185],[85.023985143160758,27.835262933390378],[85.023942268884895,27.834774980526678],[85.024054811318635,27.834566407101484],[85.024080586536883,27.834497566158742],[85.024086838876528,27.834424324466227],[85.024073104906506,27.834352110787876],[85.023972061629536,27.834051727093666],[85.023963469395483,27.833557649973621],[85.023958491738114,27.833510529713347],[85.023842382861034,27.832916749525392],[85.023812169158418,27.83283520757594],[85.02375760285976,27.832767498814349],[85.023262198923049,27.832323501908014],[85.022996908133081,27.831894895619044],[85.0227619862263,27.83135815233047],[85.022606950486363,27.830452245596319],[85.022598882614105,27.830418396291854],[85.022407194377394,27.829795335852936],[85.022392697089288,27.829758215400499],[85.022050447495644,27.829042769177079],[85.02204622745937,27.829034329594823],[85.021494504745931,27.827977526641195],[85.021469312931572,27.827938048507804],[85.020667321750565,27.826893551815676],[85.020061383896746,27.826028795284227],[85.019715648392605,27.825043224457712],[85.019529208880925,27.824319735428041],[85.019304913011794,27.823415428775998],[85.019298287701929,27.823392943868139],[85.018968103151664,27.822428874059767],[85.019070118587962,27.821429143561495],[85.01906371104667,27.821337295119474],[85.019026813796245,27.821252940002271],[85.018247364681329,27.820072718893304],[85.018268908040611,27.81949420899296],[85.018260748344858,27.819417546316636],[85.018231255304599,27.819346314953084],[85.018182833572226,27.819286322600156],[85.0170869016046,27.818268499049829],[85.016258290184922,27.817469481266976],[85.016040386421594,27.816916881778457],[85.016137684167404,27.816572064344438],[85.016147830179634,27.816499380434394],[85.016138028498361,27.816426649289841],[85.016109003277236,27.816359244327991],[85.015721113421733,27.815716438006092],[85.015642027800553,27.815632843696847],[85.014976105504275,27.815178867958831],[85.014726560922611,27.814649270249891],[85.014707671360867,27.814615644336477],[85.014364198138566,27.814095156667218],[85.013939709260043,27.813409128006857],[85.01371760643805,27.812728315298688],[85.013621433991602,27.811940893075239],[85.013617542660342,27.811917571582228],[85.013443826792354,27.811099064782425],[85.01370966557549,27.810653384881785],[85.013966254581689,27.810417277094619],[85.014402463505604,27.810458872623432],[85.015414227272743,27.81056355124489],[85.015416386820775,27.81056376590675],[85.01623349902097,27.810641672894509],[85.016872065838001,27.810793406399608],[85.016907832270022,27.810799401731781],[85.017582526782093,27.810866328172661],[85.017808154721607,27.811186832658212],[85.017864379832417,27.811245469579088],[85.017935501839546,27.811284727848015],[85.018015082150995,27.811301053459914],[85.018095916454456,27.811292968476266],[85.018170686915141,27.811261204821168],[85.018670982811116,27.810952589963119],[85.018738350573031,27.810893582166791],[85.018782711230244,27.810815784561008],[85.018799184297848,27.810727756307493],[85.018785957436663,27.810639182126625],[85.018744485843726,27.810559806800786],[85.018459576127967,27.810183529088704],[85.018396611309711,27.810123564852358],[85.017958098024835,27.809824030407292],[85.017881893675678,27.809787924473472],[85.017074405282386,27.809550760204807],[85.017012191813933,27.809540174391106],[85.015820442021536,27.80947885816483],[85.015127899050555,27.80931314144874],[85.01506962433983,27.809167862879725],[85.015036425588221,27.8084029014184],[85.015074861249843,27.807660641218554],[85.015063167499889,27.807566901733473],[85.015019898187418,27.807482927919398],[85.014616464790606,27.806954031004626],[85.014571991112362,27.806887002491862],[85.014574039515438,27.806881611636204],[85.014578863968111,27.806799960461866],[85.014559017103963,27.806720611286714],[85.014516320312353,27.806650846155023],[85.014413884400057,27.806529539682277],[85.014354814714011,27.806477404944133],[85.014283209690475,27.806444541905087],[85.014205166324061,27.806433748773458],[85.01412732981872,27.806445944558302],[85.013889753603223,27.806519915763165],[85.013793627855392,27.806545969326802],[85.013494141296718,27.806403021536848],[85.013488741050438,27.806400516664137],[85.013157494280776,27.806251284758435],[85.012672487009681,27.805941636992976],[85.012591949374396,27.805907091534372],[85.011923745170236,27.805742016483372],[85.011457747639284,27.805586418798217],[85.010840965021941,27.805330396088856],[85.010161875123543,27.805044541399866],[85.010142455829836,27.805037232124821],[85.009142822561572,27.804704236302587],[85.008131829197836,27.804287100599751],[85.008127073582898,27.804285191044684],[85.007497379828635,27.804039259089947],[85.007430598265913,27.804022595442508],[85.006498573177922,27.803913310724411],[85.005881458838417,27.803557825058061],[85.005624515190576,27.803270280186851],[85.005560329169924,27.803217609924797],[85.004707565666095,27.802714751894868],[85.004570998359952,27.802291143839657],[85.00453491966222,27.802218733930385],[85.004479009128815,27.802160262743936],[85.003853666116385,27.801677531251112],[85.003852530826435,27.801676659660195],[85.003039469515315,27.801055870111149],[85.002992375840549,27.801027019731269],[85.002313438237763,27.80070140417341],[85.002253324084947,27.800680862222801],[85.001626075783577,27.800546276963924],[85.001404035178282,27.800221062909181],[85.001348230639792,27.799920406746118],[85.001496644903909,27.799562776709408],[85.001504665251048,27.799540807712603],[85.001598891617775,27.7992432942841],[85.00161149260704,27.799161622800831],[85.001598800947946,27.79907996535843],[85.001562005550568,27.799005971339472],[85.001504553278565,27.798946572243924],[85.001431826059118,27.798907332370561],[85.001350636722862,27.798891927572974],[85.001268590801828,27.798901800918536],[85.000981751150945,27.798982237114991],[85.000908019419981,27.799015496304232],[85.000847447583595,27.799069102222347],[85.000484366814263,27.799503703065714],[85.000437935484499,27.799584244063581],[85.000421574271925,27.799675759261461],[85.000419990395841,27.80008285792719],[85.000366168873953,27.800297955644609],[84.999900527838875,27.800397448968386],[84.999815746016864,27.800431352407539],[84.999134728911926,27.800849187126346],[84.998311210403003,27.801040993214595],[84.998239208689697,27.801069125405537],[84.997444580039371,27.801520017940174],[84.997422883532167,27.801533731830276],[84.996758522951168,27.801999276438217],[84.995294649103286,27.802527596706231],[84.994964616340908,27.802552972699448],[84.994748069693955,27.8024616235246],[84.994674425180307,27.802442214682006],[84.994598290444642,27.802444143305536],[84.994210565856875,27.802509435680992],[84.993766589420417,27.802540095746981],[84.993499326056508,27.802384980521147],[84.993444363788782,27.802360801219891],[84.992700372994676,27.802128195204126],[84.992272104996815,27.801946518251633],[84.992209102805248,27.801928434290719],[84.991507308203936,27.80181673372774],[84.990963598800064,27.801729886490914],[84.990869527160726,27.8017314606399],[84.990781707031758,27.801765218249731],[84.990710802055176,27.801827060270796],[84.990243535663922,27.802406734626025],[84.990231153179579,27.802423364370551],[84.989840169335039,27.802992868962697],[84.98980723510364,27.803058470437851],[84.989636496137464,27.803558707355862],[84.989229573305522,27.803689809283032],[84.989136254927715,27.803742146671773],[84.988587631147197,27.804214266252856],[84.988229347329153,27.804274435752358],[84.988223109610317,27.804275558733952],[84.987522735155707,27.804410153022818],[84.986714177002099,27.804178390442939],[84.986685269134796,27.804171797952115],[84.985517608217023,27.803972223802305],[84.984200920191881,27.803063709072617],[84.983695498850935,27.802381445285757],[84.983632415252643,27.80232030066442],[84.982818430634367,27.801755774216076],[84.98281333733415,27.801752327078734],[84.98266923822203,27.801657175801715],[84.982597549515418,27.801623726200024],[84.982519243086045,27.801612490114085],[84.982224333557767,27.801613820269598],[84.982149391738048,27.801624781399116],[84.982080442836349,27.801656125803028],[84.982022912367682,27.801705387023855],[84.981981327342837,27.801768688749036],[84.981962077962166,27.801809522683929],[84.981887058981386,27.801797660187354],[84.981851487580869,27.80179442730514],[84.981313700058649,27.80178127980178],[84.980992464819423,27.801685882003333],[84.980525592951295,27.801531914169182],[84.980434750136325,27.801404468911237],[84.980371611876464,27.801341328769563],[84.980291332584201,27.80130223461931],[84.979429620744696,27.801047849404046],[84.979414074992064,27.801043759091872],[84.978530044248487,27.800839089327766],[84.978514780944053,27.800836016369594],[84.977402129076253,27.800645208374107],[84.976695051496435,27.80030150813905],[84.976619414529708,27.800277689870601],[84.97654012018856,27.800276872491768],[84.975357573086811,27.800439992299797],[84.975313745829155,27.800449808713349],[84.974522800114599,27.800697610437204],[84.974515398425936,27.800700047210952],[84.97384506677696,27.800931506856458],[84.972910265712798,27.801105555292981],[84.972843192522731,27.801127418171799],[84.97208818243503,27.80148851589157],[84.972050352368768,27.801510542486302],[84.971305084568385,27.802029674663434],[84.971252117016803,27.80207822078874],[84.971213828502201,27.802139017807193],[84.971192930359734,27.802207760482759],[84.971049792277043,27.803085362049433],[84.971047829027299,27.803157788140943],[84.971065195790388,27.803228128659999],[84.971290348206452,27.803797395545701],[84.971310146390735,27.804363939405874],[84.971003624895928,27.804758498986107],[84.970543271585584,27.805094953200054],[84.969930246805973,27.805367055973463],[84.969881796884991,27.805394886712243],[84.969161852199463,27.805914377957127],[84.969108424436328,27.805965391321241],[84.968718788739821,27.806455903127567],[84.968676643144548,27.806531070851463],[84.968660328319444,27.806615689196985],[84.96862756735139,27.807700312834925],[84.968538587813498,27.808624507180681],[84.968203641670456,27.809334757675231],[84.967762735687685,27.809863096515375],[84.967112292497973,27.809779904497425],[84.967078321427564,27.809777722973234],[84.966253870785039,27.809776858731098],[84.966246660704982,27.809776947456648],[84.965688293203016,27.809791277503084],[84.965595565206115,27.809810252637639],[84.965020523283016,27.810038620951037],[84.964953577234922,27.810077085590333],[84.96451591783547,27.81042025907659],[84.964458504367457,27.810482007251881],[84.964422936601196,27.810558453817951],[84.964300820479991,27.810985225942627],[84.964290522473704,27.811067540283144],[84.964305700947335,27.811149095868643],[84.964344923065553,27.811222193919441],[84.964459807138937,27.811374354363959],[84.964375819922111,27.811647342332332],[84.964168333757598,27.811817299631123],[84.964135538288289,27.811849169225471],[84.963592854418792,27.812474283526956],[84.963296804233337,27.812653994620572],[84.962589398086024,27.812666560296798],[84.962508073380477,27.812680620561171],[84.962434795279009,27.812718590531041],[84.962376410508227,27.812776922488901],[84.962338374238996,27.812850166198459],[84.962324240383495,27.812931478146506],[84.962320609480656,27.813125973720556],[84.962330323081076,27.813202954049711],[84.962361528115991,27.813273993270606],[84.962411647569567,27.813333224727479],[84.962610688969448,27.813509334777279],[84.962516267651779,27.813785722050579],[84.962201486413846,27.814333484813385],[84.962190113378583,27.814355568841989],[84.961851412909013,27.815094966538499],[84.961612077000055,27.815512518951262],[84.960838650247169,27.815867420714724],[84.960204800853873,27.816126500012658],[84.960113695218297,27.816187881161365],[84.959802825678963,27.816506522919038],[84.959129739834779,27.816901028752447],[84.958447495620561,27.816890940116593],[84.957536622358731,27.816681851161597],[84.9572342339128,27.816443528443042],[84.957126973714523,27.816392306033482],[84.956363972769083,27.816218802126912],[84.9557795169966,27.815921079906552],[84.955135285206012,27.815584136263187],[84.953627717150368,27.814436272137687],[84.953547339009759,27.814394224641529],[84.952853899963856,27.81416965721969],[84.952734015366403,27.814159029220278],[84.952438460793616,27.814199578554],[84.952163766332561,27.813865097439542],[84.951922656316128,27.813449058100169],[84.951635846623688,27.812363185317682],[84.951626133139001,27.812333488919897],[84.951238764095706,27.811346539384054],[84.951211273296323,27.811294208577966],[84.950804032185872,27.810690420809063],[84.95074418536214,27.810626910025348],[84.950667207169275,27.810585805040482],[84.950581138884417,27.810571399753336],[84.950494971351645,27.810585198965487],[84.950417705782712,27.810625761187019],[84.950357413474563,27.810688849217069],[84.95013570324366,27.811012624605976],[84.950101521830021,27.811082268487397],[84.950088554818237,27.811158757021591],[84.950097872767486,27.811235775299156],[84.950273031130848,27.811882320664409],[84.95040947746476,27.81260704052648],[84.950415048200128,27.812630710647877],[84.950603848899206,27.813296832723374],[84.95058258945339,27.813546890533299],[84.949447868369276,27.81342399342692],[84.949504798091724,27.813319382230137],[84.949531997463041,27.813245238983029],[84.949536579625686,27.813166397175102],[84.949518152548507,27.813089602190121],[84.949478292777115,27.813021424294021],[84.949420410551127,27.81296769650972],[84.948731653179237,27.812495058753044],[84.948693875920171,27.812473394630246],[84.947926920159574,27.812112372747755],[84.947891223142804,27.812098567638468],[84.946579639298619,27.811695607042068],[84.946552448204287,27.811688775810492],[84.945204346178983,27.811423640634271],[84.94459422069508,27.811221173015753],[84.944187603817298,27.810708625918114],[84.943889231684352,27.810165550917684],[84.943805443520773,27.809678691703812],[84.943803566222186,27.809668874303618],[84.943708542292029,27.80921741050151],[84.943760527136789,27.808847880546235],[84.94375942957349,27.808765541696314],[84.943733564574032,27.808687363101704],[84.943685338005892,27.808620616648788],[84.943619235727709,27.808571510848012],[84.943293296478672,27.808399398204276],[84.942927000989641,27.808090638525719],[84.942818865512805,27.807736355438298],[84.942759175272442,27.80763220484782],[84.942274426198736,27.807106185958755],[84.942258629789478,27.807090406946344],[84.94203248769827,27.806882467612088],[84.941945854571557,27.806521112981102],[84.941914281911266,27.80644425714301],[84.94139766890639,27.805590694368732],[84.941385505836777,27.805572333056087],[84.940866348426283,27.804854068250478],[84.940848518049677,27.804831951002146],[84.940202569832536,27.804111792880803],[84.94012038673128,27.804049620537086],[84.939693105609535,27.803840238786762],[84.939630828575801,27.803818677945024],[84.939565183341273,27.803812846820769],[84.938407095166966,27.803851951332575],[84.938355264704072,27.803858765133523],[84.937485487906656,27.804060284478716],[84.936683726733833,27.804109343799343],[84.936164415526136,27.803883981337933],[84.936115196565396,27.803868026297696],[84.935687534814278,27.80377350886944],[84.935139131942805,27.803311170895096],[84.935134016046419,27.803306964131661],[84.934159514438463,27.802525474985753],[84.93413620551182,27.802508737378616],[84.933403977949567,27.802039826025172],[84.932896121927001,27.801667874053884],[84.93191053827266,27.800915970342469],[84.931852170319743,27.800882055665777],[84.931221949657029,27.800614836909599],[84.93052751124273,27.800195213849467],[84.929779019772454,27.799584018840815],[84.92934727193034,27.799046267902593],[84.929111493014275,27.798664198081873],[84.929082485194144,27.798625452880117],[84.928732229268974,27.798235961248768],[84.928459638993871,27.797841965421515],[84.928410162814984,27.797787925918676],[84.92834797962378,27.797749177875165],[84.927618593741656,27.797422446919644],[84.927579623480511,27.797408468211856],[84.926317945427584,27.797062463360326],[84.926282558041578,27.797055262855871],[84.925714668236012,27.796978816026776],[84.925176162193026,27.79684117184469],[84.925072250198639,27.796835315701266],[84.924627788391291,27.796896885858285],[84.924410743541586,27.796689241845499],[84.92434341944454,27.796642136523865],[84.924265044568187,27.796617462162214],[84.924182877399403,27.796617503912874],[84.923360134616175,27.796744596562455],[84.922403452623811,27.796589779573424],[84.922312375481113,27.796590603139492],[84.921447002674142,27.796746752432817],[84.921417919221142,27.79675368234755],[84.920372035895923,27.797065000940567],[84.920280959538573,27.797112496385409],[84.920214212762986,27.797190570632736],[84.919862247375448,27.797811094526299],[84.919214492092522,27.798285181778041],[84.919196162862235,27.798299862370953],[84.9184875878708,27.798919846806712],[84.918048786870273,27.799210006690721],[84.917399232708149,27.799481509258332],[84.916579136598273,27.799610215152342],[84.916517697870788,27.799627492694714],[84.916044700361667,27.79982336050584],[84.916042200038319,27.799824410628052],[84.91547958644577,27.800064036204663],[84.915391917159582,27.80012411029211],[84.914796838409487,27.800735418529182],[84.914794938253564,27.800737390416426],[84.91403136152401,27.801537877277017],[84.913992099395998,27.801590643062049],[84.913349907814407,27.80271851413865],[84.912957467352356,27.803387767962302],[84.912937044022925,27.803430951195903],[84.912773338470188,27.803875016695674],[84.912323049825815,27.803884219289987],[84.912242077597597,27.803898390294496],[84.912169122302217,27.803936269629052],[84.911907987510332,27.804127356177901],[84.911447321178628,27.804071118495472],[84.911051408818849,27.803797601525133],[84.911019621656877,27.803778718148877],[84.910328724910556,27.803429922668791],[84.91027836771417,27.803410539978607],[84.909798923826003,27.803279224639923],[84.909782188038363,27.803275209593462],[84.909074732260308,27.803129161916118],[84.909003284455338,27.80312411303203],[84.908072642142812,27.803182339703181],[84.907584458321992,27.802882957667041],[84.907506390265993,27.802850596497283],[84.907422142109908,27.802843954594731],[84.906520287507291,27.802914869221382],[84.906436349697898,27.80293533506153],[84.906363173649552,27.802981266231875],[84.906308252033995,27.803047959729334],[84.906277208407602,27.803128586646178],[84.906193457395062,27.803527685820786],[84.906187702916995,27.803583913559496],[84.906189356134703,27.804159116561763],[84.906189483878123,27.804166681231891],[84.906220514509215,27.805170707920169],[84.905824504001785,27.805484803718727],[84.905820469414337,27.805488067403719],[84.905204961447694,27.805995830821399],[84.904480494421662,27.806314516470422],[84.903756517906487,27.806415184588268],[84.903098362751464,27.80588016815846],[84.903041893590753,27.805844850995328],[84.902978497,27.805824431876797],[84.901689507246985,27.805579288377114],[84.901678843731844,27.805577480869509],[84.900161194472545,27.805351404036951],[84.900070630841981,27.805353275834101],[84.898177476529668,27.805715813227597],[84.89583201773371,27.805870463395745],[84.89575433227192,27.805887312802284],[84.895684920331703,27.805926054459846],[84.895629798503364,27.805983330262027],[84.895593744717857,27.806054175572562],[84.89494773292337,27.807984135938739],[84.894933796088736,27.808073585894778],[84.894950210145581,27.808162614590898],[84.894995129800392,27.808241213284312],[84.895063505116582,27.808300545789155],[84.895147649236051,27.808333941854077],[84.89535133695604,27.808377224676679],[84.895458467050062,27.808378259378809],[84.896252519806936,27.808225493420217],[84.896688344233738,27.808210618660166],[84.896694573673173,27.808210333993561],[84.897938933424228,27.808139062019016],[84.898047738279217,27.808109219072922],[84.89889328785145,27.807670971951257],[84.898930045173586,27.807648002040406],[84.89932079090174,27.807357750798793],[84.900260047031011,27.807462794566124],[84.900823599353842,27.807549544065537],[84.900865103437596,27.807552686869442],[84.90216525774413,27.807550635935396],[84.902967575543769,27.807820022053864],[84.902976628198772,27.80782288546926],[84.904109838625587,27.808159526863996],[84.904662460652887,27.808459337025205],[84.904773018267974,27.808491399525643],[84.905419045166298,27.808535036000464],[84.905446407810004,27.808535494178251],[84.906134942880598,27.80851210439365],[84.906207444626673,27.808499612457734],[84.906529667194476,27.808397358045333],[84.906637458847555,27.808332372126294],[84.907100680374086,27.807876149215158],[84.907820914339013,27.807797195882635],[84.907918501957852,27.807767065419547],[84.907997915950062,27.807702842324034],[84.908439185578288,27.807179462506099],[84.908466331930811,27.807140868492834],[84.908748344384733,27.806654547696958],[84.908771176598705,27.806603708709066],[84.908919293659437,27.806154832173021],[84.908932482369039,27.806085091017881],[84.908927040965693,27.806014322649872],[84.908845627067649,27.80562963729151],[84.908836465032351,27.805596762868529],[84.908784546422496,27.805447643406698],[84.909083434130295,27.805308760357047],[84.910189299668644,27.80532031946769],[84.910785334096346,27.805489200272739],[84.910787002083111,27.805489667106784],[84.911607079760159,27.805716355448503],[84.911651028686236,27.805724660420807],[84.912537095530837,27.805817005436765],[84.91262629010285,27.805811430827333],[84.913263291011404,27.805663167553227],[84.913290425010715,27.805655335552554],[84.914133099302362,27.805363562310717],[84.914200280377059,27.805329133339846],[84.914255304166147,27.805277451297847],[84.914800986311022,27.804597734333399],[84.914844811864839,27.804519233620205],[84.915032446858746,27.803991999914231],[84.915044389226381,27.803945935709603],[84.915152544826867,27.803298130967729],[84.915412776674188,27.802762181882521],[84.915437674460335,27.802678799159022],[84.915485232748495,27.802310194742496],[84.915850291085519,27.801952906881308],[84.916710680672239,27.801555125539196],[84.917507154255915,27.801325019894286],[84.917527856957392,27.801318120854589],[84.918358238189668,27.801003578404213],[84.918377882741964,27.80099523514588],[84.91892179717432,27.800738399610328],[84.918939905468676,27.800728996283166],[84.919542578389496,27.800386525338308],[84.92015064944583,27.800083259930634],[84.920193800975781,27.800056391604546],[84.920534842387198,27.799796493640606],[84.920604109097638,27.79971830124947],[84.920636868439388,27.799662424616056],[84.920842456944143,27.799677932637973],[84.920919104466165,27.799672754294733],[84.920991191076254,27.799646199097147],[84.921052880964922,27.799600416835222],[84.921180527719272,27.799473838236196],[84.922426702066929,27.798996475781824],[84.923245863224963,27.79871083916073],[84.923948503544096,27.798721404097428],[84.925246605002172,27.799091281376121],[84.926484384949788,27.799493233204107],[84.926932968012537,27.799988687741092],[84.927013018148998,27.800049288717254],[84.928037845320148,27.800558280260869],[84.928703354179547,27.800927075451952],[84.928998682377099,27.801161304377313],[84.929361868388881,27.80193319004707],[84.92941374176209,27.80200763015678],[84.929487345631287,27.802060683405692],[84.9300922965014,27.802357190750815],[84.931035138219372,27.803235457492889],[84.931114025500648,27.803286578157078],[84.931205657993175,27.803307554614538],[84.932112562800626,27.803353002411065],[84.933085493825416,27.803835392052179],[84.933739415469503,27.804414908468097],[84.934095528424152,27.804765031741496],[84.93417726689313,27.804820153736564],[84.934955939068928,27.805158326665172],[84.935629945389195,27.805459408555485],[84.936417920159357,27.805841568539751],[84.93652127940554,27.805868244623941],[84.937395551572138,27.805915142049543],[84.93741656663174,27.805915450142379],[84.938279437626278,27.805894503055395],[84.938381065469684,27.805871962836871],[84.938810411127136,27.805684208148403],[84.939388790423379,27.805762754675179],[84.939860724664612,27.80625227378901],[84.940139259960716,27.807261949706323],[84.940153859771584,27.807302140568776],[84.940567967759407,27.808210567967397],[84.940577067384226,27.808228693357641],[84.941202494263891,27.809365833366261],[84.941211918134712,27.809381663473598],[84.941679118192241,27.810108815996507],[84.942170539737376,27.810898342653346],[84.942230492338595,27.810966017415723],[84.942595437737296,27.8112596945967],[84.942636248594496,27.811324138145768],[84.94248403130257,27.811617259308893],[84.942460331763002,27.811681991028593],[84.942315070100136,27.812322679857935],[84.942309527287136,27.812407169486832],[84.942330424999184,27.812489221335063],[84.942375708088164,27.81256076616031],[84.942440923269643,27.81261476801464],[84.942519657073191,27.812645916182245],[84.942604166563669,27.812651147452261],[84.94268614080633,27.812629947364794],[84.942757518190817,27.812584400804546],[84.942963916162256,27.812401387471304],[84.943002921867162,27.81235847856707],[84.943182539493975,27.812112227472294]],[[85.153158527822953,27.93128612880815],[85.152447434952293,27.931409416320896],[85.152281078555092,27.931381963686693],[85.152433471265454,27.931282805538284],[85.153028337902825,27.931241534088525],[85.153158527822953,27.93128612880815]],[[85.178893885847614,27.983594518754234],[85.17894434182341,27.983494168865263],[85.179201350398444,27.983117944387175],[85.179207189108595,27.983245583907216],[85.179121227588013,27.983513065572794],[85.178893885847614,27.983594518754234]]]]}}
]
}
