{
"type": "FeatureCollection",
"name": "Flood_Polygon",
"crs": { "type": "name", "properties": { "name": "urn:ogc:def:crs:OGC:1.3:CRS84" } },
"features": [
{"type":"Feature","properties":{"id":1,"Name":"Flood Inundation Area","Area_sq.km":37.014},"geometry":{"type":"MultiPolygon","coordinates":[[[[85.529387985052395,28.293340044229932],[85.529387985052395,28.293340044229939],[85.530154290603861,28.287031818325488],[85.529216638171121,28.286029133025512],[85.52745824427484,28.285408614192718],[85.521564016438617,28.284324613445648],[85.514703826021261,28.284069703520636],[85.509152343407806,28.287438141509682],[85.503544344272285,28.289963531915884],[85.498369535938579,28.295501269458491],[85.498423531621128,28.301337032309497],[85.497199778955519,28.306196227780593],[85.493357533154494,28.308740589009041],[85.491342063703883,28.31187652525939],[85.487016052825993,28.314956752337221],[85.483117924945176,28.319004086829164],[85.48117206188715,28.321990238882506],[85.4835100434602,28.32490372923036],[85.48373865356703,28.330350380486134],[85.481521321689343,28.330897198218292],[85.475854780065262,28.330172292394757],[85.472864728727473,28.330078697735917],[85.470537209857127,28.331195580913175],[85.46923704940977,28.331782554321112],[85.467023509889557,28.332058475500677],[85.465404462143553,28.33354416130382],[85.464270730423436,28.33437358006152],[85.461655760130341,28.334193725619659],[85.459517584381956,28.335132083092535],[85.455681183593171,28.334787925516601],[85.451957241656714,28.333723072498252],[85.449894426633676,28.332977782673332],[85.449639548018283,28.331801856834801],[85.447860821774569,28.332563648974695],[85.446248949145101,28.333537861240028],[85.443792593412653,28.334141490207045],[85.441079230148461,28.3337194987065],[85.436568047383105,28.333036239584764],[85.434520352465626,28.331268256736685],[85.433790491821966,28.330041738000556],[85.434772120826608,28.329165716209403],[85.43270312690251,28.328856225218416],[85.431005788360494,28.328701365742869],[85.426802101756039,28.327931094267914],[85.423703595153796,28.32828633566211],[85.420582202151863,28.327889304553882],[85.417175015742146,28.326135402369339],[85.414940903541947,28.325507916031384],[85.414340267475779,28.322463116404617],[85.414277145092115,28.319845645684094],[85.414434051912338,28.318433829013561],[85.415552367642476,28.318657361222975],[85.415333663052792,28.317361490769017],[85.415433733607472,28.315197075189097],[85.415462714546379,28.31324237575998],[85.415246694008815,28.311766070824095],[85.414068520479631,28.311000447824394],[85.413664516088971,28.309597149797575],[85.414015025361337,28.308879363709075],[85.414670454803485,28.308225273586995],[85.413281305278744,28.307938433738421],[85.412907753209382,28.307919051781436],[85.412761430989761,28.307473707401517],[85.411803523060655,28.307327215777196],[85.411524645596302,28.307226218659032],[85.411397107047563,28.306660781673621],[85.410902731488193,28.306196345354618],[85.410807164479763,28.305766628714636],[85.409322386620261,28.30505755174574],[85.408629406400678,28.30480885454228],[85.40786626110804,28.303566779447355],[85.40709439717773,28.302911109029374],[85.406081112975158,28.302493235267569],[85.404948972667952,28.300931022576076],[85.405006218131135,28.300510607205233],[85.404193236645838,28.30033567989501],[85.402770245290355,28.300048340806665],[85.401552471502043,28.299673157904483],[85.40091905430728,28.298853649307251],[85.400082464193289,28.297986640891722],[85.399002204031703,28.29750777663649],[85.398396490094783,28.297109665612609],[85.398660885987866,28.295338199769368],[85.398956095605371,28.293777636061961],[85.398222158730036,28.292866704829425],[85.396536054251598,28.292004745901128],[85.395709022226228,28.290506199048746],[85.394817742399653,28.289894175869446],[85.394013889023569,28.289117749697233],[85.393709654125971,28.287880997491595],[85.394637074474602,28.287215162194158],[85.393480874750523,28.287276757930737],[85.392307010065466,28.287383251945595],[85.39163637114045,28.286788845271456],[85.390497591245818,28.285692641584067],[85.390202700102535,28.284967308224175],[85.389483859040496,28.285319760943263],[85.38775808456154,28.284848236111721],[85.38603640842959,28.28410604207102],[85.384627761762232,28.282886292425271],[85.382799339746924,28.280217846154972],[85.381183322835696,28.279236225966994],[85.378823649136237,28.278005143641668],[85.378658291432799,28.277145976999009],[85.37880874287363,28.276185288342038],[85.378968298685919,28.274623160598484],[85.379085229817363,28.273631995968842],[85.379410972377983,28.272312457694113],[85.379868479808394,28.271265177259384],[85.379642996144625,28.270450414015961],[85.379075798518286,28.269766944267843],[85.378389724717863,28.269082061229021],[85.378334999009653,28.268209168188744],[85.377683133555706,28.267509649276832],[85.376980099782116,28.266824558226197],[85.377160866732609,28.26610484909164],[85.377743522446096,28.265765879413888],[85.378411088294371,28.265427914989854],[85.378887060593627,28.265403486325113],[85.37894210563573,28.265133443081425],[85.378368336493736,28.26488601482674],[85.376832258229797,28.264251187558553],[85.375408917776042,28.264023728371438],[85.374870953558585,28.263656402144186],[85.374138334656735,28.262685210662006],[85.373580116327275,28.261415318179328],[85.37224005936514,28.26018122762294],[85.371134118320086,28.259190534414532],[85.369767983045108,28.258557656594942],[85.36870082075032,28.258190128321658],[85.36798370860312,28.257600696948462],[85.36743206237368,28.256920630793964],[85.367096768337603,28.255518029253629],[85.367213091202714,28.254571983587187],[85.367140307145291,28.252661203657382],[85.367169176741768,28.250766676516552],[85.366779065221507,28.249619076164368],[85.365583095938661,28.247860293370611],[85.364578071457103,28.246945951081447],[85.363717164306109,28.245491935262734],[85.36228677587772,28.244632638755675],[85.361004625138463,28.244075878591108],[85.359790174616393,28.243534957801081],[85.359258580386694,28.242761606504072],[85.358903918112517,28.241524179377723],[85.359196751499084,28.240144138382597],[85.359659405171243,28.23765327304595],[85.360272995111188,28.235284524450005],[85.360905341847257,28.233908549171023],[85.361775393839835,28.230309693161285],[85.362112208754922,28.228268466276674],[85.362302521323656,28.226928921167108],[85.36280783831613,28.226882806841626],[85.363220264605985,28.226769314477636],[85.362990996603131,28.22656354747296],[85.36246300123598,28.226422908096453],[85.362334535506022,28.2259401312302],[85.362257579007078,28.224863942497283],[85.362210328839311,28.224066325399473],[85.362039770911466,28.223560486039691],[85.361971197050963,28.221935484599047],[85.361556448075348,28.221298890556348],[85.36062807341429,28.220941874648979],[85.359668512711124,28.220404014157431],[85.359114531181007,28.219991323582786],[85.358531433787107,28.219262468781263],[85.357709311306181,28.218620973793325],[85.357229892952518,28.21832948086195],[85.356936773497054,28.217513870305712],[85.356163099629285,28.21648194257137],[85.355995956007646,28.215201644673488],[85.355873519508719,28.214327928664829],[85.355890334284723,28.213230305910606],[85.355751156230539,28.212341349725346],[85.355809910038161,28.211830740177078],[85.355342699849913,28.211298768973126],[85.355395769269435,28.21005119484915],[85.355383706641462,28.208622372968776],[85.355726241036336,28.207318123029751],[85.355582763086502,28.20560198543652],[85.355060357745785,28.20424222106497],[85.354487813754716,28.20338564868808],[85.353927337765839,28.202296119253461],[85.353549649524709,28.201464445551103],[85.353663471494784,28.200683802130278],[85.354272630648694,28.200811440370078],[85.353891026026318,28.200235378588587],[85.353487381387055,28.199989902326617],[85.353432518519625,28.199139554692174],[85.353040362698437,28.198698712187518],[85.353003812948288,28.198314784994587],[85.352839167355739,28.197981951325541],[85.352256110259916,28.19726059229539],[85.351553913359936,28.196560353784822],[85.351218853253073,28.194059890282084],[85.350153942171332,28.192663493560492],[85.349428473618843,28.191271183588633],[85.3492345285037,28.190637218231181],[85.348704640905964,28.189773618806754],[85.348090834396885,28.188848849733606],[85.347780190006176,28.18807812543292],[85.347204431175939,28.187439547569735],[85.346982736746114,28.186955631326136],[85.346689075130669,28.186185109865256],[85.34673030260592,28.185711888369759],[85.346272810450344,28.18566124528985],[85.345950846115784,28.185627277317817],[85.345574893041018,28.184690333332849],[85.345131531063288,28.183722495984924],[85.344591687602033,28.182407600113105],[85.343872897191304,28.181692085799959],[85.343407725607491,28.181039792363034],[85.343483945235093,28.180499321169957],[85.343678483048862,28.179990358998193],[85.343882010683629,28.179173211548829],[85.343723212646836,28.178464470617744],[85.343851955746288,28.177819363375857],[85.344010232781258,28.17746034886537],[85.343934888041616,28.176842849875449],[85.343743082300691,28.176073554653911],[85.343535816840685,28.175206320413622],[85.343627492308698,28.174763787287151],[85.343749020433179,28.174035879421908],[85.343723626880802,28.172930225789745],[85.343602478807853,28.171981320235485],[85.343638209641895,28.170763615323541],[85.343772414257728,28.170314076835563],[85.343789699107262,28.169742814027057],[85.3435572526095,28.169409149936946],[85.343690181695351,28.169042309022622],[85.343592663495485,28.168762912718815],[85.343550332212246,28.168205967371986],[85.343567733105161,28.167627186490588],[85.343865897949357,28.166999166092086],[85.343880023288136,28.166081973706156],[85.343631080291033,28.165718032806673],[85.343625924519941,28.164950994555632],[85.343819503355974,28.164502173633398],[85.344576907174556,28.163804510837711],[85.345533733261917,28.163379950584794],[85.34637363756093,28.162833661469232],[85.346705703857452,28.162206042946185],[85.347053345762731,28.16166884403729],[85.347533247074665,28.161358821593502],[85.347889764759444,28.161348084319833],[85.348303183719324,28.160947024363793],[85.348421427611072,28.160429612785943],[85.348659008009932,28.159876043107115],[85.34900420910877,28.159496716283677],[85.349214720539948,28.159048090548357],[85.349492861888791,28.158615318250401],[85.349471450761143,28.158351881538103],[85.348936286877745,28.158946982058104],[85.348543436044807,28.159528757670358],[85.348146296787363,28.159975131301191],[85.347739400951767,28.160504099176979],[85.347447631095292,28.160718640846355],[85.347151998086701,28.160632359888073],[85.346716247334697,28.160830123365887],[85.346329428029549,28.161156305757306],[85.346079490726126,28.161408946393106],[85.345728933208377,28.161859634641502],[85.345357434061256,28.162016813091231],[85.344952869226148,28.162117195547484],[85.344573365960358,28.162518654798102],[85.34406102359722,28.162730522235819],[85.343430494534417,28.162903361163615],[85.342506529798058,28.162847064599717],[85.34163265354907,28.162844003999055],[85.341150623845635,28.162740413911461],[85.340942738677896,28.163016112133363],[85.340239220055082,28.162969990206044],[85.340013541010705,28.162749193089002],[85.339782513094889,28.1623253078867],[85.339000903095865,28.161842109812106],[85.338736529664047,28.161380221696678],[85.338246719536883,28.160682497470486],[85.337758658266452,28.159872002379579],[85.337146034248534,28.159435961506805],[85.336565951317937,28.159090545619911],[85.336226180168751,28.158567582308066],[85.335555935730582,28.158018044227425],[85.334237291334603,28.157701237798403],[85.332943542605335,28.156873405643896],[85.332477839432556,28.156266187817263],[85.33224662137134,28.155857327248377],[85.331469727870967,28.155622284353392],[85.330795560786385,28.155328334297366],[85.330083302782668,28.1547557005442],[85.329440312135944,28.154093675897105],[85.329245646244516,28.153790527376849],[85.328950672022032,28.153527511296932],[85.328414128989763,28.153250267694126],[85.328108888046998,28.152829218224742],[85.327591961609812,28.152518373908887],[85.327308615688452,28.151917125702902],[85.326604793289533,28.151350217363554],[85.325935944031983,28.150580710605311],[85.325400564379152,28.150230156342175],[85.32497113980223,28.150021883514775],[85.32461875727671,28.149769435610068],[85.323333207069908,28.149787543387262],[85.322813145967046,28.149679665652144],[85.322052756319053,28.149478610198155],[85.321703724256977,28.149011894856883],[85.321358916738447,28.148274534184463],[85.320642163460704,28.147724356654052],[85.319972259419799,28.147434167316547],[85.318791299497917,28.146460963455404],[85.3178794160454,28.146184712870706],[85.317314923774006,28.145664585739016],[85.31662524113159,28.145013209639007],[85.315729892355847,28.14449464992251],[85.314764231901933,28.144403821552327],[85.31342892017274,28.143541464676648],[85.313132070180117,28.142996418280486],[85.312977640041936,28.142295219174112],[85.312541207248643,28.141725894774716],[85.311849987194009,28.141175987928477],[85.311475051442798,28.140742765977606],[85.310789310150994,28.140655360144809],[85.309756185706476,28.14081180347733],[85.309190078723191,28.140398774973708],[85.309084970086758,28.139799691650964],[85.308724864292373,28.140043384615158],[85.308029953314318,28.139730272341975],[85.307423389045823,28.1394633639812],[85.306624406941509,28.139295585826694],[85.306429730212585,28.138729230783678],[85.306554512254436,28.138076592334833],[85.306403146186057,28.137183682110933],[85.306307583674382,28.136787736612309],[85.305693587262994,28.136994446344957],[85.30526940305144,28.136459088602681],[85.304909716833265,28.135868132657105],[85.304389631515321,28.134959379762943],[85.303575550156665,28.134137217519793],[85.303475807011907,28.133199827692344],[85.303094786081004,28.132349186783934],[85.302453135399389,28.13189008076105],[85.301859172329415,28.131634584336233],[85.301518736558876,28.131438622777154],[85.301431911036815,28.130490112884946],[85.301303723721588,28.129744111724719],[85.300895333368047,28.129017194687169],[85.300200160833356,28.128726599827431],[85.299725510038954,28.128168042296384],[85.299478937928313,28.127668708279984],[85.300017197258342,28.126615162388173],[85.299127858241235,28.126536454501423],[85.298684347055669,28.126423799475319],[85.298173459882875,28.126146761381104],[85.29784680313044,28.125482885172481],[85.296836873224436,28.124985343263383],[85.295515558961924,28.124066600474606],[85.294480035747284,28.123580002525173],[85.294208772714668,28.123035236720025],[85.293705345002451,28.122690601763651],[85.292704233667877,28.122040874453152],[85.292376103177844,28.121472839057962],[85.292052369324637,28.121028926255494],[85.291390692562047,28.121037598389211],[85.290947570948376,28.120902366129076],[85.289954732299165,28.120134293757239],[85.289961175379347,28.119728331866273],[85.289290816227961,28.119483109404122],[85.288774164801708,28.119172128984594],[85.288625115759658,28.118544286539525],[85.288093691929134,28.117962424522769],[85.287397193451724,28.117761982561699],[85.286389717784459,28.117117771251923],[85.285366664682314,28.116653821085361],[85.28466176961112,28.116182566020559],[85.284128687959239,28.115307416304088],[85.283438321928969,28.114723547773416],[85.282983364554653,28.11373658276818],[85.282806313321117,28.113271928735411],[85.281953662409165,28.112894680744699],[85.281499061518488,28.11228556005808],[85.281338488860385,28.111984655433577],[85.280824118953106,28.111933090648307],[85.280397005991432,28.111595005630896],[85.279786592209263,28.111384327307245],[85.279790071649586,28.110967050497322],[85.27932796179428,28.110431141930821],[85.279056716438461,28.109891988298472],[85.278262867821084,28.109419585585858],[85.277727707902358,28.108679733910193],[85.277365558063025,28.108257864047243],[85.276575973416598,28.108315615142434],[85.275345325995985,28.107318874700809],[85.274873062451746,28.106624919417172],[85.273628906789895,28.106473913398158],[85.272891036362367,28.105686375997909],[85.272441700688219,28.105150606523051],[85.271632786453239,28.104035079167033],[85.271288094052608,28.103320162477665],[85.270127884667545,28.102696469922819],[85.269498950425529,28.101917132060535],[85.268929985083886,28.101501600488149],[85.268050530832369,28.101303335417462],[85.267317170325782,28.101566304801992],[85.266903326802947,28.101050637449173],[85.266623773203236,28.100536666416655],[85.265864358037547,28.100033642295216],[85.26502766858664,28.099563665732404],[85.2645495810754,28.099166281045335],[85.264508055924097,28.098765912809764],[85.264495300913083,28.098068153371361],[85.264618201918935,28.097584792838536],[85.264267556911591,28.097316629340209],[85.263740979649072,28.097250412834516],[85.263034218634019,28.097054303032294],[85.262493530702955,28.096673133361097],[85.262164544003411,28.09625210788457],[85.261712516422719,28.095727434799269],[85.261553421160656,28.095479770317645],[85.261214846755834,28.095356376292084],[85.260702942907741,28.095273319910032],[85.260379580369332,28.095099073059711],[85.259804381651918,28.094777006556388],[85.259324138413788,28.094515693874452],[85.25880299236637,28.09441124505388],[85.258476614374601,28.094424115804369],[85.257604014711418,28.094400272221506],[85.257139525455273,28.094351834206126],[85.256807267898367,28.094134929752428],[85.256093838256461,28.093760047550642],[85.255373898496643,28.093491419910841],[85.2548570967583,28.093119032461367],[85.254607393780219,28.092988246007575],[85.253897352418107,28.092849472731391],[85.253499264717917,28.092699780681102],[85.252904870994655,28.092528445810988],[85.25227625599247,28.092397081896653],[85.251915896286093,28.092139398423924],[85.252228818187078,28.091624442748572],[85.252010809558769,28.091462153344903],[85.251495540475858,28.091736325700296],[85.250964500061428,28.091799740078216],[85.250383347778254,28.091847625453902],[85.249607270738977,28.091493179595439],[85.248860141858174,28.091424092323621],[85.247758425414048,28.091333457148895],[85.246595847727349,28.091446209314586],[85.245290510711342,28.091489067285632],[85.244406759664784,28.091562831209202],[85.243349955112564,28.091659894931098],[85.242328380531077,28.091655314968172],[85.241908804847881,28.091501060894988],[85.241567413531214,28.091258481869168],[85.240804787838186,28.09096371032642],[85.240048982098131,28.090839166959643],[85.239262531656394,28.090829073813314],[85.23897890198279,28.09057446917253],[85.23793530767162,28.090450472803514],[85.237314476527317,28.090578611781449],[85.236765228563414,28.090435436701785],[85.236293473330548,28.090246466133294],[85.23496244721639,28.089808237385341],[85.233369986537113,28.08922626001258],[85.231970192742807,28.088595704776523],[85.23090611806856,28.087382467670576],[85.230424430738722,28.086338373949129],[85.23004308347241,28.085610340479725],[85.229436140371789,28.08518565444168],[85.229123051923239,28.084390441863164],[85.228313933799498,28.083695741266784],[85.227770110248159,28.083124777133701],[85.22703665316007,28.082872806119052],[85.226249932446777,28.082766766961971],[85.225494112506922,28.0823283986768],[85.224782941957557,28.082268443611209],[85.223876926980367,28.082070617062783],[85.223146272227893,28.0816494802291],[85.222568515177358,28.081596881079051],[85.221739591914059,28.081323792188282],[85.220347235401249,28.080688965924292],[85.219390237389078,28.079974704952182],[85.218597400507505,28.079194511620699],[85.217601417617388,28.078228770384868],[85.216836602194363,28.077495721117771],[85.212872954251893,28.074738866238164],[85.210726076967589,28.073485853568386],[85.207213176667707,28.069016269987717],[85.206574703665254,28.068191238513712],[85.206915056380083,28.066696988300507],[85.20715894166176,28.066175712527212],[85.207460583353992,28.066004831962477],[85.207440867759914,28.065660572445619],[85.207448747190057,28.065225144112404],[85.207429029317183,28.064101938209852],[85.207770840599096,28.063153597195186],[85.208324296436061,28.061586993037963],[85.209023385894938,28.060490181734185],[85.209605010503054,28.060114945779251],[85.21072031559514,28.059942330568443],[85.210310851644863,28.059766848441253],[85.209256741848904,28.059719071677044],[85.209106440148147,28.057794484543439],[85.209204080343042,28.057110929000562],[85.209561503862162,28.056953954596413],[85.210520837100432,28.056932435056957],[85.211488625350569,28.056689831649617],[85.210886428151127,28.05628214582719],[85.209861396540134,28.056217739382639],[85.20956678790003,28.056345759115114],[85.209345849310083,28.055789908988888],[85.209254237367944,28.055097503978416],[85.209052723115121,28.054671641946921],[85.209225578856717,28.054078392867748],[85.208922023882423,28.053878767165944],[85.208194226660041,28.05381822664793],[85.207878271382967,28.053210091346017],[85.207367610197892,28.052778064266157],[85.207302691361861,28.052356110283675],[85.206989985456275,28.05184159471418],[85.206639563645027,28.051577548170815],[85.205684250455718,28.05078240392908],[85.20509917320075,28.050213281236282],[85.204943398690688,28.049777377708708],[85.20415643872542,28.049239640371546],[85.203616087764942,28.048288273115311],[85.202962825699387,28.047207818284964],[85.201769361336389,28.045745970520972],[85.200724074373326,28.044600820916369],[85.19994000595122,28.043892955095117],[85.199056824261888,28.043379450485691],[85.197983908588796,28.042744350083908],[85.197225084501838,28.042249480467735],[85.196243576827513,28.041309308562241],[85.195471987591546,28.040431438975304],[85.194924724772605,28.039326820321204],[85.195080797136796,28.038018765776286],[85.19517146776785,28.036607765022104],[85.195364154158838,28.033105336351095],[85.195449332381983,28.030299082780648],[85.193754248097164,28.027316301056047],[85.192259123053759,28.025854665027357],[85.19081161605547,28.025274134602416],[85.189210769694057,28.024691568234363],[85.188254006779957,28.024576867238647],[85.18782656787242,28.024196913510256],[85.187417277147517,28.024021370246615],[85.187086606507876,28.024017006880893],[85.186774946165201,28.023736410419499],[85.18655204393734,28.023308109390126],[85.186341151958501,28.022735344599827],[85.186334815724621,28.021969615069555],[85.186862782709468,28.021355559999261],[85.18743852295573,28.0207506401151],[85.187948021163322,28.020093800785709],[85.188165905378867,28.019390578047535],[85.18818268197434,28.018961186450206],[85.188293576643659,28.017490905574128],[85.188316190325537,28.016712796094048],[85.188383612504154,28.016407426292766],[85.187845871140709,28.01588990392656],[85.18715265544337,28.015497936214654],[85.186596041857683,28.014963145877815],[85.186450682050747,28.014484825042675],[85.185697808624639,28.013649689411274],[85.185401967376862,28.012999236930192],[85.185106129491956,28.012348783920107],[85.184977636860125,28.011436818046946],[85.184766630127953,28.010872556674716],[85.185007187570108,28.01024620234751],[85.185021591707113,28.009387166709185],[85.185215510748861,28.008683631073307],[85.185412594417215,28.008362960340943],[85.185405689265338,28.007631250825582],[85.185555709789085,28.007258915193219],[85.185716595225998,28.006810158047532],[85.18617270236409,28.006475890786831],[85.186140355223628,28.006118161726565],[85.185784536863736,28.005615794339512],[85.185524123813764,28.005140207285972],[85.185688229325436,28.004785071597187],[85.185935515949396,28.00461393829325],[85.186351732364528,28.004657713724971],[85.186647877488952,28.004716918139589],[85.186279485880831,28.00439303725463],[85.185949428011341,28.004069661407076],[85.186036938754768,28.003709260578006],[85.186162263290001,28.00309414277287],[85.186290382973382,28.002598162417947],[85.186613451298271,28.002194079638436],[85.186841646852656,28.001159211624934],[85.186973584869094,28.000148594936423],[85.187018230837879,27.999485621953582],[85.186757336849695,27.998180578434596],[85.18688528335791,27.997408110453133],[85.186735200638225,27.9966404822719],[85.186543800436183,27.99605096020337],[85.185292600161901,27.994647774438949],[85.184602060926508,27.993532720675091],[85.184637760016386,27.992546356354939],[85.184255281660256,27.991350296596561],[85.183524681246368,27.989196829860088],[85.183080457210437,27.988255167531307],[85.182938565490687,27.987572715920926],[85.182974845050467,27.986552330550417],[85.182783456206039,27.985392820975378],[85.182762676440845,27.984346159672178],[85.182279889025224,27.983990982812234],[85.18196984918518,27.983621074013083],[85.181696974676996,27.982749730750779],[85.181479734125475,27.98198971644857],[85.181760700013939,27.981236290135705],[85.182074327456533,27.980249346494286],[85.182456451842441,27.97946322665728],[85.182652104834872,27.978653373366022],[85.1829104423025,27.977533834439271],[85.183207694735245,27.976950763561298],[85.183533400020764,27.976385082131149],[85.183892863271936,27.976092076644246],[85.1838277629506,27.975402132012047],[85.184106413364205,27.974784784123308],[85.184623891238701,27.974783108270561],[85.185509875333594,27.97509255282197],[85.186357685676924,27.975392981197309],[85.187083992951543,27.976083135502364],[85.187976163480627,27.976596819804023],[85.18919521694427,27.977046745096484],[85.189980535006129,27.977074097484],[85.190915665681928,27.976737604877588],[85.192008050605082,27.976164970278415],[85.191657972710118,27.975896643167388],[85.191129062507656,27.97600878911171],[85.19055856406537,27.976316052323455],[85.190843920924536,27.975868922664901],[85.191433435075368,27.975570415445265],[85.192104346413544,27.975562221870732],[85.192477840056199,27.975575638262132],[85.192606781471099,27.975313608210246],[85.192017195884716,27.975042134353217],[85.191608646272613,27.97483258924353],[85.191086483019234,27.975114968760344],[85.190649404738224,27.975466523494138],[85.190569428126622,27.975091152752807],[85.190237457318574,27.974312626038447],[85.189462812965402,27.973647373394389],[85.188712655439929,27.973237656243995],[85.187833839014715,27.973072949917132],[85.186915567086473,27.972975775816369],[85.186423422952259,27.973181968199466],[85.186127718951525,27.973101503708229],[85.18602845687991,27.972734383690323],[85.185997206995864,27.971738625475208],[85.186400801113763,27.971097397934603],[85.186493422833408,27.970715793613568],[85.186261465360133,27.970261851762807],[85.185661774849009,27.970024247599845],[85.185081246787973,27.969786893741258],[85.184860016010575,27.969265033414711],[85.184319237232117,27.968943128725485],[85.18364206579038,27.96875553672081],[85.182763437488418,27.968582294606605],[85.182144177445096,27.968369938753327],[85.181445429576513,27.968326673816573],[85.180166302415074,27.967467542290827],[85.179427231988498,27.966972851218177],[85.178662001203008,27.96632468006996],[85.178097519305837,27.965704685443018],[85.177349034071341,27.96520135189969],[85.177124847069521,27.964858092753282],[85.176747249041171,27.964521307340334],[85.176244407229959,27.964225396718568],[85.175615892963123,27.963995875487154],[85.174605356295814,27.963693225310433],[85.174167789238922,27.963504513605187],[85.173860617270208,27.963253727429482],[85.173382382207663,27.962919850943781],[85.172959271144819,27.962442082435093],[85.17260035135638,27.962135309521486],[85.172238149018838,27.961739166450066],[85.171430566285807,27.96048212945712],[85.170923342478815,27.959879882723829],[85.17068088933631,27.959485327825877],[85.170461038382811,27.958886900181867],[85.169697604195676,27.958706602257021],[85.169372499601266,27.95866824820661],[85.16919355609906,27.957917233402956],[85.169011169470949,27.957370345424142],[85.168364415712333,27.957089506763293],[85.167484521735645,27.956431243515127],[85.166628199688191,27.95607954814777],[85.165988163124851,27.955968932155919],[85.165302680695362,27.95571308495057],[85.164978654298196,27.955045202865605],[85.164760569334049,27.954344704353772],[85.164349769506472,27.953709692347065],[85.16406542666877,27.952395790931181],[85.163993822369036,27.950965626726394],[85.164255514387349,27.950220484607481],[85.164289202276052,27.949361706958367],[85.164362495444507,27.948426892669648],[85.164143274220137,27.947794435611609],[85.163753095136897,27.947074625326909],[85.162981829976516,27.946230627076687],[85.16266540485627,27.945681942411994],[85.162693486705066,27.945154870967301],[85.162194156478478,27.944093311560113],[85.161385340379198,27.942074810363227],[85.160797468738451,27.940586703680353],[85.160695224142543,27.939836703906295],[85.159808242921571,27.93904218654983],[85.158369275717007,27.938036107276051],[85.157718520187245,27.93687042093584],[85.157491801474464,27.936118753376871],[85.157367780209256,27.934960114745358],[85.156250835409267,27.933609530272172],[85.155457781174817,27.932365363704001],[85.155112517682483,27.931897627018259],[85.154586595088432,27.931563051436342],[85.153678219467764,27.93147005398535],[85.152448546994265,27.931683251539432],[85.151550690341693,27.931535084527745],[85.152344918120903,27.931018300255001],[85.153064149666093,27.930968400451047],[85.153606959427293,27.931154332273479],[85.154014899327592,27.931244874587097],[85.154388437452752,27.931105260345738],[85.154871586125694,27.93085652058225],[85.154464721522345,27.930561822610692],[85.153674233055114,27.930296008200852],[85.15305701747306,27.930542945310194],[85.152563250185878,27.930289612024875],[85.15200681830612,27.930341694663731],[85.151444740068328,27.930725479437594],[85.150956497700221,27.930710415815557],[85.150786125985292,27.929746815792122],[85.150706235979627,27.929235311682156],[85.150995825457059,27.928822348987158],[85.150971141693134,27.928303079147177],[85.151222496000244,27.927885348728456],[85.151687546285004,27.927011098372081],[85.151936204921228,27.926469975926189],[85.15217542982316,27.925920219113841],[85.151924841791327,27.92544896043427],[85.151819772738449,27.924869061125829],[85.151870230256819,27.924155134167368],[85.151702619040208,27.92331067229647],[85.151715352749591,27.922562210122532],[85.151388169951275,27.922089922505815],[85.15014319842814,27.921520236252011],[85.149599710865417,27.921096081953653],[85.149060000974828,27.920731526733601],[85.148812926375072,27.920617612114931],[85.148479715450975,27.920781149383675],[85.148027315771373,27.920632570622413],[85.147556235796458,27.92017535364165],[85.147242716717557,27.919886145180339],[85.146980738846281,27.919663560273289],[85.146089700659473,27.919402732646475],[85.145026136616181,27.918869472616997],[85.144878016723823,27.918569726083859],[85.144384323049948,27.918316366573933],[85.143800242741008,27.918308495286645],[85.142871187949623,27.917751510645168],[85.14144628074952,27.917068728841635],[85.138868113073997,27.915502621786548],[85.13737395288031,27.914393505426084],[85.136675924174099,27.913771547807851],[85.136568903168197,27.913310713072445],[85.137100510297046,27.912467187837564],[85.137669240900308,27.911692219464527],[85.138331667790752,27.91103761519398],[85.138932271745801,27.910637387299754],[85.13938579638689,27.909877868589753],[85.140053149682117,27.908934077625503],[85.14065926377566,27.908210643005027],[85.141635583547185,27.907117884124691],[85.141931528309385,27.906611445171638],[85.141737158465332,27.906498706260809],[85.141649807201972,27.90622401803337],[85.141575108468899,27.905766220641318],[85.141573002536788,27.905518059562027],[85.142000436281663,27.905394119506674],[85.141676584753341,27.90502883091181],[85.141506207413869,27.9045979396383],[85.141631815546774,27.903934187301289],[85.14163087937375,27.903246170258338],[85.14143685380435,27.902713451049443],[85.141310341157009,27.901944788459037],[85.140747270372003,27.901463482767159],[85.1398221013377,27.900627644871651],[85.139001915051225,27.900334599565294],[85.138559850031371,27.8994601634537],[85.138635857134091,27.89872807114984],[85.138344562368701,27.897945901301529],[85.138191532899953,27.897244550588287],[85.137997919500364,27.896689275129731],[85.13844083499616,27.896029813035923],[85.138632223551397,27.895231606545632],[85.139288381140702,27.894721645620958],[85.139417652371705,27.89384364741974],[85.139461937420151,27.89273892609652],[85.138661908941501,27.892384119522315],[85.138515013829959,27.892066329793337],[85.138460143454637,27.891563683447625],[85.138524994719646,27.890741209438506],[85.138604079319009,27.88982869736974],[85.138529325421104,27.889004337394624],[85.137952675145684,27.888579232651669],[85.137321211271683,27.888390238902051],[85.136680148658428,27.888020652296543],[85.13581702940391,27.887275860128771],[85.135320022693151,27.886648804494623],[85.134529974719285,27.886085453622126],[85.133459192829989,27.885608526786317],[85.132931408528577,27.88529685148913],[85.13291512103811,27.884766529288527],[85.131419554675247,27.883155956828027],[85.130345230943391,27.882148857763198],[85.130037856250425,27.881569471698242],[85.130438031899118,27.881180143841114],[85.13020621836209,27.880635619270777],[85.129237896309405,27.880848055373114],[85.128744146030598,27.880773680676988],[85.12854983024647,27.880263498912125],[85.128065004713605,27.879670420726512],[85.127984708866279,27.879173065393864],[85.127956530560652,27.878597466586868],[85.127751859579035,27.87795179821148],[85.127622940883938,27.877329716015712],[85.127719832177675,27.876124205826589],[85.128017896813546,27.875767333697411],[85.127750170547301,27.87509825149067],[85.127239798160431,27.874516102759898],[85.125839823667164,27.874000812473241],[85.124688985373083,27.873759587433774],[85.123627754540124,27.873474457635371],[85.12319082546864,27.873051196736789],[85.123209151935527,27.872724362799534],[85.12273596086321,27.872932216230556],[85.122373227172375,27.872622750554232],[85.121692296707536,27.872365342803025],[85.120902423287305,27.871801921181916],[85.120106522474956,27.871588053710241],[85.119495670820925,27.870948114275841],[85.119046955958893,27.870473925986605],[85.118332170943333,27.86997354783248],[85.117656734593112,27.869766950194933],[85.11700862841208,27.869447935381011],[85.116610490099362,27.868985709108955],[85.115789629796083,27.868382360911074],[85.115142709430472,27.868362239925464],[85.11507077440541,27.867752205842944],[85.115047251287649,27.867278178152649],[85.114815932096562,27.866711079773236],[85.114319918727915,27.866038852940562],[85.113773353934874,27.865354654252613],[85.113595141233077,27.864652935928245],[85.112920535213803,27.864034654711162],[85.112231294414741,27.863528957184116],[85.111989668614527,27.863134418766553],[85.112437653815547,27.862914977479768],[85.11269610097122,27.862647825819717],[85.112733682283675,27.86230997870177],[85.112302304293536,27.861937515913727],[85.112145742787462,27.861600535796949],[85.111847990075759,27.860840785342159],[85.111564873999015,27.860335005829398],[85.111015006279345,27.860575606537957],[85.111057773554677,27.859938945089901],[85.111352910340415,27.859751249267923],[85.111095651766817,27.859584184444028],[85.110885928988097,27.859237310930322],[85.110299239574786,27.859040354482065],[85.109959614119205,27.858866519612036],[85.110367566767039,27.858759322929693],[85.110871640012348,27.858963606383899],[85.111416416771135,27.85901618281914],[85.111900884182035,27.858887471946147],[85.11243531857734,27.858804558119513],[85.112796231097761,27.85848241458649],[85.11319686357723,27.858064944297585],[85.113457835280201,27.857651201676607],[85.113834257568286,27.857532284380319],[85.114333452804658,27.857651898047145],[85.114942832754963,27.857637671289339],[85.115502926526887,27.857538177870101],[85.11586968749792,27.857610861384106],[85.116497798436015,27.857247242786897],[85.11607169693302,27.856936896925902],[85.115308123466264,27.857061809079251],[85.11439386313323,27.85709442692901],[85.113954495775459,27.856817729555779],[85.11312846200741,27.856885381753507],[85.112512248682393,27.85729426239859],[85.112249515836496,27.857809487529686],[85.111649108787816,27.858038120833253],[85.111017285403264,27.857882844773261],[85.110268344544608,27.857895141821714],[85.109522909989423,27.858071024156231],[85.108725353630732,27.858325138532901],[85.107890830649183,27.85815015022634],[85.107470006661188,27.858085162728617],[85.107126764295828,27.858119927461324],[85.106847546082705,27.858121734134954],[85.1063547022721,27.858002180769539],[85.105976044878716,27.857884193928399],[85.105360419283087,27.857892655769213],[85.104606116978189,27.857848454882753],[85.104331967922079,27.857923637642244],[85.103904134549126,27.857714739708356],[85.103309308067637,27.857621970177295],[85.102510604009609,27.857577147246019],[85.101771407114796,27.857758712427319],[85.100866880990765,27.857960554287654],[85.100203409379986,27.858165710987024],[85.09951357731282,27.858426894494457],[85.098952976414367,27.858554511879447],[85.098372314520333,27.858377326264268],[85.0979861930753,27.85814219862683],[85.097641865945903,27.858238957308675],[85.097269012488042,27.858515780161525],[85.09665756148317,27.858648325826092],[85.09579009678589,27.85890703851161],[85.094834803127497,27.859108138977312],[85.093983767175999,27.859152772576294],[85.092648415861333,27.858953851671554],[85.091218113492275,27.858742325153539],[85.091224732511947,27.858364582267122],[85.091221112823092,27.857484798035664],[85.090658098965221,27.857025858741807],[85.089818744337776,27.856405189146564],[85.08968571265639,27.856031151427288],[85.088686612089617,27.855836850767975],[85.088482805570706,27.855157308000656],[85.087985425832429,27.854575203148503],[85.086927264579856,27.854131941597238],[85.085734321780848,27.85413794672834],[85.084456536691007,27.854639022600097],[85.083376571090668,27.855436079411962],[85.082154669252887,27.855644665593257],[85.08129315783826,27.855565011208427],[85.08159490202641,27.854283447089735],[85.081863721972965,27.853430011322963],[85.081251193328015,27.853624506406366],[85.080574408286182,27.854585049830973],[85.079889327920938,27.854575513895586],[85.078816169350759,27.853545495104022],[85.078065717603067,27.852925995318444],[85.077643429578274,27.852406933967636],[85.077294477975329,27.852046794143494],[85.076554316761346,27.851923688405595],[85.075859156920387,27.851767370753873],[85.075307700740794,27.851737119521413],[85.075219662654916,27.852051691556916],[85.074649574364685,27.851998620454477],[85.073883212311529,27.852281163851355],[85.073416671281095,27.852472023159272],[85.07272971235372,27.85256957239633],[85.071736582919797,27.852758706008427],[85.070989992055686,27.853357309291781],[85.069972279130511,27.853500971683342],[85.069055656162377,27.853668598905855],[85.068304954777417,27.853782151061136],[85.067902386341927,27.853584776666207],[85.067298700624477,27.853815987953702],[85.066960166543282,27.853585672489135],[85.066585056013153,27.853986442683876],[85.065958613727233,27.854248344913611],[85.065421174667136,27.854500214091289],[85.065288702620975,27.854814155267022],[85.064678144106836,27.854895817414214],[85.063924225091228,27.855189756760886],[85.063395254529524,27.855678585922071],[85.062996755177807,27.855966231668141],[85.062419636731846,27.856307759511701],[85.061752102389121,27.85673824236666],[85.061074485003161,27.857021959107865],[85.060457889394229,27.857441872927122],[85.059995138403579,27.857773719859381],[85.059591568050152,27.857632699811987],[85.059066755459227,27.857174173666252],[85.058427565502157,27.856725313977094],[85.05784980423276,27.856390101763775],[85.057315434954248,27.85575661774072],[85.056906026909203,27.855232038360302],[85.056143204944391,27.854245697313413],[85.05587255347929,27.853768184795094],[85.055305087148881,27.853568449926502],[85.054812130624825,27.853459991759095],[85.05410431300966,27.853303386596828],[85.05313431628079,27.852906228665073],[85.052215071860161,27.852509780876336],[85.051075732558246,27.852358344374469],[85.050111380225317,27.852355992950649],[85.048576590273825,27.85161246327403],[85.04740223991989,27.851291324243196],[85.046418591360265,27.850950319625422],[85.045303842249766,27.850844298443729],[85.044788573025272,27.850566311796012],[85.04402721445777,27.8505667957021],[85.043546092899788,27.851214123626637],[85.042897008592433,27.852028243451599],[85.04241303738732,27.852833424904151],[85.04212381053955,27.853393242758635],[85.04203553523719,27.854068697419841],[85.042212254738999,27.854826863119513],[85.041696367945988,27.854582691257711],[85.041362754696422,27.85408170161741],[85.041437841189989,27.853434256409159],[85.040921759974935,27.853201357608445],[85.040430343665335,27.853008281986625],[85.040000128839608,27.85294013743113],[85.039475275597667,27.852842450198462],[85.039144826601131,27.852871587964867],[85.038504733286075,27.853183922123971],[85.037511960798653,27.853350254735208],[85.03686496432573,27.853341047096524],[85.03607943622319,27.853273471678069],[85.035493228722743,27.853411742907021],[85.034822894019854,27.853289408879345],[85.033973937476475,27.85322091773844],[85.033202524026763,27.853074578192416],[85.032715908034476,27.85261650093431],[85.032507777987036,27.852196230230891],[85.032870926046272,27.851761551230137],[85.032884767991405,27.850994815280366],[85.032509077282612,27.850718774398157],[85.032022881522565,27.850238144185234],[85.031395256957111,27.849157737229049],[85.030949167070631,27.848564891664122],[85.029610202365049,27.848229975564312],[85.028515126953366,27.847740634847277],[85.027758487172093,27.847481693390339],[85.027311199544428,27.846956490281546],[85.026658501115435,27.846563688489947],[85.025929287331223,27.84619234562475],[85.025414502058453,27.845891739080677],[85.024219011041922,27.845344536204987],[85.023100665710928,27.844742036915065],[85.02239664258606,27.844382315561351],[85.021916249766804,27.843585939962097],[85.021544910987686,27.843073086895895],[85.021283446102302,27.84209939449131],[85.021767104657044,27.842016103510783],[85.021990316022112,27.841602003110907],[85.022766334037073,27.841489064722058],[85.023195153331343,27.840931289422887],[85.023451085911162,27.840111632342524],[85.023746498456859,27.839213591179693],[85.023741773356477,27.838074403577803],[85.023805989864528,27.836806501468754],[85.023946932049029,27.836030309176387],[85.023718809710715,27.835316501508743],[85.023666221309426,27.834717992018067],[85.023817195332626,27.834438193829175],[85.023702829046115,27.834098203196813],[85.023693510214073,27.833562344691057],[85.023577401336993,27.832968564503101],[85.02305306570949,27.832498638087014],[85.022757244101697,27.832020705922361],[85.022501418030174,27.831436201357356],[85.022340819642935,27.830497790894391],[85.022149131406223,27.829874730455472],[85.02180688181258,27.829159284232052],[85.021255159099141,27.828102481278425],[85.020449581543062,27.827053313765735],[85.01981891865681,27.8261532712175],[85.019457061356945,27.825121742798125],[85.019267444637862,27.82438592443609],[85.019042853561857,27.823480427581384],[85.01869348864885,27.822460355126555],[85.018801513427007,27.821401734301965],[85.017974328212802,27.820149232461702],[85.017999095060418,27.819484161320535],[85.016901307748341,27.818464614658428],[85.016028636916786,27.8176231110339],[85.015755801529693,27.816931206070652],[85.015877830936574,27.816498741098261],[85.015489941081071,27.815855934776362],[85.014763224098971,27.815360513793888],[85.014482317139823,27.814764357063087],[85.014136672074414,27.814240578256449],[85.013693067536096,27.813523656229634],[85.013452780029468,27.812787101931715],[85.013353425553646,27.81197362650132],[85.013157743372588,27.811051619792032],[85.013497917876634,27.81048131572512],[85.01387202831026,27.810137067201207],[85.014429172130548,27.810190194706308],[85.015442013563913,27.810294984824758],[85.016277732525509,27.81037466586109],[85.016934484165418,27.810530720365715],[85.017732163340327,27.810609846291872],[85.018028934003738,27.811031409015921],[85.018529229899713,27.810722794157872],[85.018244320183953,27.81034651644579],[85.017805806899077,27.810046982000724],[85.016998318505784,27.809809817732059],[85.015781763945682,27.809747225285928],[85.014929284464387,27.809543237799094],[85.014801876371195,27.809225610045498],[85.014766122378759,27.80840177104616],[85.014805222508144,27.807646678805593],[85.014396397946214,27.807110714130385],[85.014262526191715,27.806908949289703],[85.014310031677894,27.806825044316007],[85.014207595765598,27.806703737843261],[85.013965228361144,27.806779200822117],[85.013767653117128,27.806832750878261],[85.013377837003716,27.806646687930574],[85.013028721068594,27.806489405683372],[85.012527194548952,27.8061692113783],[85.01184849088402,27.806001542510899],[85.01136311553546,27.805839474526305],[85.010736832866044,27.80557950840317],[85.010057123981582,27.805293393159474],[85.009048551656477,27.80495741957662],[85.008028848552968,27.804536690236521],[85.007399154798705,27.804290758281784],[85.006411946725237,27.804175003075834],[85.005709061183225,27.803770109332039],[85.005423184097253,27.803450185136377],[85.00448206395393,27.802895224916959],[85.004314022776967,27.802373990383014],[85.003688679764537,27.801891258890191],[85.002875618453416,27.801270469341144],[85.002196680850631,27.800944853783285],[85.001463932768303,27.800787632009808],[85.001148956429148,27.800326298677234],[85.001068144525661,27.799890911207207],[85.001247266281922,27.799459286116139],[85.001341492648649,27.799161772687636],[85.001054652997766,27.799242208884092],[85.000691572228433,27.799676809727458],[85.000689860998222,27.800116641821884],[85.000587227465289,27.800526816746125],[84.999956945140852,27.800661488904833],[84.999238612937461,27.801102218120061],[84.998372456940473,27.801303954925967],[84.997577828290147,27.801754847460604],[84.996884012303596,27.802241032674903],[84.995351860989189,27.802793994662874],[84.994920016105581,27.802827198920411],[84.994643126839847,27.802710394498334],[84.994242360815747,27.802777883036697],[84.993702632324428,27.802815155535416],[84.993363795179462,27.802618500073581],[84.992607143020578,27.802381935528171],[84.992166662686984,27.802195077941239],[84.991464794395867,27.80208336564948],[84.990921011301594,27.801996506642016],[84.99045374491034,27.802576180997246],[84.990062761065801,27.803145685589392],[84.989848256052568,27.803774149783127],[84.98931237052318,27.803946800762947],[84.988706643758775,27.804468060461154],[84.988274064415023,27.80454070700922],[84.987510345584141,27.804687474488045],[84.986639780941147,27.804437938562014],[84.985413345800751,27.80422831884561],[84.984010664104389,27.803260468483277],[84.983478544608005,27.802542165093108],[84.982664559989729,27.801977638644765],[84.982520460877609,27.801882487367745],[84.98222555134933,27.801883817523258],[84.982119945497757,27.802107840443277],[84.981844888756214,27.802064346655158],[84.981271231385946,27.802050322227494],[84.980911733304723,27.801943561445032],[84.980357054996531,27.801760636270927],[84.980214887573183,27.801561186661765],[84.979353175733678,27.801306801446501],[84.9784691449901,27.801102131682395],[84.977318636468965,27.800904831672337],[84.976577014474927,27.800544339894703],[84.975394467373178,27.800707459702732],[84.974603521658622,27.800955261426587],[84.973914219068249,27.801193271571947],[84.97295968706625,27.801370993665909],[84.972204676978549,27.801732091385681],[84.971459409178166,27.802251223562813],[84.971316271095475,27.803128825129487],[84.971558556594459,27.803741410656539],[84.971583399220904,27.804452306023226],[84.971193570254357,27.804954100370463],[84.97067924181485,27.805330002893459],[84.970039785620187,27.805613837755974],[84.969319840934659,27.806133329000858],[84.968930205238152,27.806623840807184],[84.968897176040912,27.807717344760341],[84.968802841034957,27.808697164179126],[84.968433098135918,27.809481200903704],[84.967875238875124,27.810149685175464],[84.967078038396366,27.810047722824887],[84.96625358775384,27.810046858582751],[84.965695220251874,27.810061188629188],[84.965120178328775,27.810289556942585],[84.964682518929322,27.810632730428843],[84.964560402808118,27.811059502553519],[84.964758458756009,27.811321821604214],[84.964609929024647,27.811804595425478],[84.964339426058203,27.812026171421163],[84.963769058212918,27.812683174728683],[84.963374544064891,27.8129226563182],[84.962594193347527,27.81293651771097],[84.962590562444689,27.81313101328502],[84.962924358706829,27.813426353231311],[84.962763346932576,27.813897662108939],[84.962435584784728,27.814468013445097],[84.962091768975839,27.815218578147427],[84.961803306304787,27.815721838543286],[84.960946078578573,27.81611519399755],[84.960306956486278,27.816376428455953],[84.95997070802791,27.816721083644804],[84.959201181696301,27.817172114712253],[84.958414935554003,27.817160488155583],[84.957417116564898,27.816931441],[84.957067104977583,27.816655584848309],[84.95627134986789,27.81647463275247],[84.955655670148317,27.816161005029429],[84.954989903161916,27.815812798130441],[84.953464153933936,27.814651090838524],[84.952770714888032,27.814426523416685],[84.952325609789639,27.814487590701166],[84.951941173550949,27.814019482749309],[84.951670868761184,27.813553067343463],[84.951374798949857,27.812432135386469],[84.950987429906561,27.811445185850626],[84.95058018879611,27.810841398081724],[84.950358478565207,27.811165173470631],[84.950536408330763,27.811821948648561],[84.950674815653258,27.812557084088191],[84.950877052294771,27.81327061053193],[84.950828212661989,27.813845071960383],[84.949018017888079,27.813649016997793],[84.949267641618462,27.81319032097651],[84.948578884246572,27.812717683219834],[84.947811928485976,27.812356661337343],[84.946500344641791,27.811953700740943],[84.945135501394816,27.811685273019595],[84.944432749579036,27.811452067735914],[84.943961930959972,27.810858593313441],[84.94363081490819,27.810255920241428],[84.943539355293439,27.80972448531988],[84.943434578763288,27.809226686390758],[84.943493159825891,27.808810267768294],[84.943141510869083,27.808624579079986],[84.942692033669672,27.808245703446058],[84.942560626627028,27.807815175980519],[84.942075877553322,27.807289157091454],[84.941789124480323,27.807025485508795],[84.941683294840615,27.806584060480564],[84.941166681835739,27.805730497706286],[84.940647524425245,27.805012232900676],[84.940001576208104,27.804292074779333],[84.939574295086359,27.804082693029009],[84.938416206912052,27.804121797540816],[84.937524473931333,27.80432840393328],[84.936635614662322,27.804382792738011],[84.936056929985355,27.804131664317811],[84.9355643407727,27.804022797285757],[84.934965099687162,27.803517599512293],[84.933990598079205,27.802736110366386],[84.933251257176693,27.802262643699571],[84.932734455185113,27.801884139731918],[84.931746771196302,27.8011306336712],[84.931098807140017,27.800855891569881],[84.930371530137478,27.800416425383844],[84.929586256127095,27.799775194889406],[84.929126274405746,27.799202278065991],[84.92888172235017,27.798805991741531],[84.928519971729557,27.79840371777772],[84.928237600675729,27.797995585033803],[84.927508214793605,27.797668854078282],[84.926246536740678,27.797322849226752],[84.925663051152284,27.797244302961936],[84.925109298818313,27.797102761770187],[84.924535494503047,27.797182249413904],[84.924224096578257,27.79688433902918],[84.923359154197144,27.797017950433855],[84.922360320452697,27.796856312152698],[84.921494947645726,27.797012461446023],[84.920449064320508,27.79732378003904],[84.920068495494064,27.797994732519914],[84.919373956072079,27.798503060733481],[84.918651688461139,27.799135025850301],[84.918176440452299,27.799449286544672],[84.917473289598959,27.799743191615619],[84.916620998010814,27.799876950268402],[84.916148000501693,27.800072818079528],[84.915585386909143,27.800312443656139],[84.914990308159048,27.800923751893212],[84.914226731429494,27.801724238753803],[84.913583688495891,27.802853605046678],[84.913190377695372,27.803524343114205],[84.912962973209147,27.804141197491692],[84.91232856669096,27.80415416292151],[84.911981260503666,27.804408305773343],[84.91134857822577,27.804331068557222],[84.910897940751184,27.804019744614621],[84.910207044004864,27.803670949134535],[84.909727600116696,27.80353963379585],[84.909020144338641,27.803393586118506],[84.908004281214531,27.803457144724497],[84.907443307416955,27.80311312374188],[84.906541452814338,27.803184038368531],[84.906457701801799,27.803583137543139],[84.906459355019507,27.804158340545406],[84.906494576068468,27.80529795233867],[84.905992286639957,27.805696343280815],[84.905347921115919,27.806227912746127],[84.904554855150408,27.806576774368331],[84.903677356334327,27.806698789588957],[84.902928051864762,27.806089677589924],[84.901639062111755,27.805844534090241],[84.900121412852457,27.805618457257683],[84.898211880345187,27.805984131061177],[84.895849781879932,27.806139878382538],[84.895203770085445,27.808069838748715],[84.895407457805433,27.808113121571317],[84.896222226483573,27.807956370124931],[84.896679134451432,27.807940775780121],[84.897923494202487,27.807869503805577],[84.89876904377472,27.807431256683913],[84.899245138819282,27.807077606809191],[84.900295605799599,27.807195088085738],[84.900864677525462,27.807282687205372],[84.902209167836077,27.807280566333304],[84.903053515818158,27.80756406450028],[84.904213782851386,27.807908743567015],[84.904791214201936,27.808222013356755],[84.905437241100259,27.808265649831576],[84.906125776170853,27.808242260046974],[84.906447998738656,27.808140005634574],[84.906978036240204,27.807617976242323],[84.907791492708185,27.807528803692659],[84.908232762336411,27.807005423874724],[84.908514774790333,27.806519103078848],[84.908662891851066,27.806070226542804],[84.908581477953021,27.805685541184442],[84.908449238103486,27.805305724867175],[84.909025111311479,27.805038135985967],[84.910228195111472,27.805050711274983],[84.910858938559571,27.805229426557762],[84.911679016236619,27.805456114899481],[84.912565083081219,27.805548459915439],[84.913202083989773,27.805400196641333],[84.91404475828142,27.805108423399496],[84.914590440426295,27.804428706435047],[84.914778075420202,27.803901472729073],[84.914892646366454,27.803215242872014],[84.915169894107009,27.802644249450349],[84.915229438083983,27.802182748968711],[84.915694717409551,27.801727373380142],[84.916616013941109,27.801301433112538],[84.917432214558957,27.80106562821782],[84.918262595791234,27.800751085767445],[84.91880651022359,27.800494250231893],[84.919415536378779,27.800148169039915],[84.920030146643583,27.799841642309897],[84.920371188055,27.799581744345957],[84.920489164242355,27.799380515877399],[84.920862765978214,27.799408697530428],[84.921030813125782,27.799242056610986],[84.922333940219943,27.798742877704601],[84.923202113582803,27.798440150819353],[84.923988207519187,27.798451970569015],[84.925325321116858,27.798832963854043],[84.926636230450228,27.799258663433271],[84.927133119417817,27.799807471254631],[84.928163395059556,27.800319168840328],[84.9288536933161,27.800701701204598],[84.929216045701168,27.800989087950793],[84.929606176059863,27.801818238918756],[84.930247053671039,27.802132355202286],[84.931219171567946,27.803037893005669],[84.932182175496493,27.803086152102146],[84.933237653083779,27.803609469214621],[84.933923723551914,27.804217476461904],[84.934284821239899,27.804572500627373],[84.935064780438324,27.804911232502636],[84.935743945700125,27.805214618917141],[84.936535741866052,27.805598632240628],[84.93741001403265,27.805645529666229],[84.938272885027189,27.805624582579245],[84.938771658250374,27.805406466919962],[84.939518068039362,27.805507832748336],[84.940102747189826,27.806114297790728],[84.940399537702731,27.807190147916561],[84.940813645690554,27.808098575315181],[84.941439072570219,27.809235715323801],[84.941907319335272,27.809964496947568],[84.942399764114086,27.810755667549969],[84.942799590305256,27.811077413841669],[84.942947400741417,27.811310818130366],[84.942723648635138,27.811741692157995],[84.942578386972272,27.812382380987337],[84.942784784943711,27.812199367654095],[84.94311030170671,27.811753092638234],[84.943305258069103,27.811840583246092],[84.943491431251715,27.812057641329293],[84.943556604144263,27.812469559298005],[84.943619729413541,27.813158465957304],[84.944194338502228,27.813629427879725],[84.944822011910361,27.813977118052335],[84.945269820939046,27.814446187969402],[84.945589337727782,27.814992294297607],[84.945948598699047,27.815448766236592],[84.946570559796186,27.816100873878792],[84.947134212792534,27.816481436318572],[84.94834058661867,27.817085835828436],[84.949630266012434,27.817308005469357],[84.95102902432528,27.817125768686182],[84.952278988540257,27.816760859637387],[84.95337169469974,27.816664283494525],[84.954405642470391,27.816995398497081],[84.954804048754212,27.817396038152136],[84.955539680863055,27.81807798726852],[84.95571088412747,27.818418868250788],[84.956314950709611,27.818675933295882],[84.956808897653488,27.818717080350591],[84.957834204638459,27.818833757280494],[84.958800957739896,27.818690162432617],[84.959821386475298,27.818389459360759],[84.960730415837332,27.817940486186558],[84.961818031332328,27.817437752756437],[84.962511250854021,27.816996858647926],[84.96358274489333,27.815997631284599],[84.964149135881172,27.815554857166976],[84.964442424765451,27.814792263595596],[84.965107454843988,27.813820863179551],[84.965400521489215,27.813069541912689],[84.965786763110515,27.812082750024263],[84.966429209206723,27.811641085835191],[84.967088296365006,27.811667710116588],[84.967479343256585,27.812124597240036],[84.967943497356586,27.81240210773224],[84.968680249353341,27.812345280977979],[84.969040979788559,27.81204607589763],[84.969452851162742,27.811725065511553],[84.969636255872445,27.811411972184398],[84.969965118037663,27.811461921311412],[84.970232982623472,27.812063606828161],[84.970732880822382,27.812465694425697],[84.970876563659644,27.81224224146909],[84.970885787025139,27.811746134183274],[84.971068768593867,27.811455589071599],[84.971533241136854,27.811033840915226],[84.97117262442498,27.810645081415764],[84.970737706430711,27.810841697856372],[84.970021293628761,27.811169512987082],[84.969723061375021,27.811007232043536],[84.970109256150536,27.81002042531464],[84.970171200855617,27.808735615852282],[84.970212286297368,27.807890351195411],[84.970346954341935,27.806787062337666],[84.971044262779117,27.806120615791929],[84.971956287098266,27.805502432291135],[84.972647296192392,27.805174232221635],[84.972822396183815,27.804624168126946],[84.972660578339983,27.803775922453131],[84.972767506323748,27.803140270315666],[84.972790159881981,27.802774059216897],[84.972838673697424,27.802552025653284],[84.973707177952335,27.802226424930961],[84.974257303998741,27.8021414507241],[84.97467735721591,27.802060205697721],[84.975866729937721,27.801871816591596],[84.976672416509331,27.801855428611557],[84.97746458798629,27.801883951110309],[84.978020827257765,27.801982323445372],[84.978657607749298,27.802183377202972],[84.979070511104538,27.802488295543107],[84.979442584355326,27.802600884275591],[84.980341894967111,27.803008781128224],[84.980954785955802,27.803130527128005],[84.981701443278794,27.803220390821224],[84.982443830874672,27.803541393374783],[84.983157113868145,27.804064976497365],[84.983427328362453,27.804542611977084],[84.984345275039004,27.804973312586494],[84.985502697296539,27.805486449639616],[84.986523558853364,27.805839689575343],[84.987448181203376,27.805909561428479],[84.988310442380609,27.805922126938711],[84.989162723636554,27.805787923463722],[84.989609648935769,27.805625256547462],[84.990032561744897,27.805388929425874],[84.990417743362642,27.805135134292449],[84.990785562930412,27.804790858683912],[84.990946439757138,27.804319509425529],[84.991398957323852,27.803852402563201],[84.991962480872502,27.803556083493834],[84.992530596358208,27.803699684174902],[84.993512805724961,27.804086145762469],[84.99457462444586,27.804282024878582],[84.99576614735571,27.804321881706599],[84.996720678842451,27.804144001343222],[84.997438007146997,27.803759663815473],[84.99800068844722,27.80350842067033],[84.99846335210168,27.803221185391244],[84.998845015737501,27.803114638318892],[84.999384756594111,27.8029469396872],[84.999784539904695,27.80293299414447],[85.000240180364784,27.802639306792212],[85.001034359515927,27.80255916899635],[85.00185968789944,27.80263948936561],[85.002692033148037,27.80289965559302],[85.003538197093846,27.803791606418216],[85.004535713970384,27.804730853401662],[85.005328805244659,27.805058107544543],[85.0059053051326,27.805438621438416],[85.006907942089583,27.805751975328061],[85.007648513422069,27.805830333709892],[85.008280479257877,27.805952235185021],[85.009067354373201,27.806273739658128],[85.009279530661757,27.806462892615649],[85.009884702476072,27.806663349471037],[85.010393641954764,27.806924448335931],[85.011105251226724,27.807178948817388],[85.011808795800292,27.807549990704064],[85.012464085876076,27.807784993548154],[85.013017317228119,27.808052359914175],[85.013189922531268,27.808325525847607],[85.013207485718468,27.808754358451491],[85.012743996393169,27.809131154121538],[85.012106667209224,27.80930243377756],[85.01170698730968,27.809657587624383],[85.011667864159179,27.810412677629003],[85.011620988782695,27.810896974090046],[85.011963325810953,27.811601165476866],[85.011904385826725,27.812051453034282],[85.012063439195401,27.813068800086963],[85.013060861517417,27.814718528613813],[85.013705935370069,27.815517300508038],[85.014122542267842,27.816324061512027],[85.014602936717907,27.817808443478874],[85.015112194170456,27.819101506067103],[85.015510194145548,27.820235069728827],[85.015771156950066,27.82123132151883],[85.015864294808097,27.822039066668189],[85.015683734579014,27.822899269072572],[85.015884690480036,27.823358933555046],[85.016041698480009,27.823706591782646],[85.016171606829332,27.823974911481393],[85.015828248944558,27.824108136150077],[85.015322789620825,27.823999362919871],[85.015202696648046,27.824324709613808],[85.015670724589043,27.82439910994956],[85.015883040603313,27.824757432139389],[85.015552819792845,27.824952876081507],[85.015640154599794,27.825207895884667],[85.01602733794995,27.825193725100196],[85.015803732041661,27.825630368249588],[85.01602453737722,27.826045204340666],[85.015952886404136,27.827194571325077],[85.016647552334476,27.828061715123869],[85.018385530781316,27.828763386573712],[85.019073481842042,27.829303348746375],[85.019326110852319,27.83006262843697],[85.019741990018758,27.830914477791453],[85.020446527229311,27.831939643467518],[85.020866514357408,27.832565980499631],[85.020988235338677,27.832849686580197],[85.021220632180317,27.833326712764155],[85.021262569176514,27.833812285901235],[85.020853617522079,27.833975596977449],[85.020652723022536,27.833859931242671],[85.020252573017814,27.83353839518162],[85.019710037663216,27.833372712388115],[85.019150109457328,27.833466181150346],[85.018516741424065,27.833411973786323],[85.017988533019505,27.833156262862396],[85.017595953017533,27.833116788166681],[85.017323034976386,27.83347377571852],[85.017582424033307,27.833860968112742],[85.017763867102857,27.834348545917983],[85.018140898648014,27.834545694565804],[85.018736202728519,27.83529861820319],[85.019903332733662,27.83530409380311],[85.020481882816981,27.835583076924049],[85.021000904119276,27.835646914151496],[85.021464688730958,27.835958082419573],[85.021495375189716,27.836364545203981],[85.021231051999834,27.836947231927876],[85.020809602425317,27.837798345858271],[85.02027316761118,27.838692921881332],[85.019921371678222,27.839201040667149],[85.019572022760542,27.839923483072994],[85.019295609680555,27.840472156378588],[85.0191429666544,27.841191782052338],[85.019007514068136,27.841663529631568],[85.018783061925589,27.84214527729398],[85.018607707276061,27.842717956775537],[85.018850644684704,27.843313561234002],[85.018873237162481,27.843815774000703],[85.019111474966834,27.844321083457668],[85.019292417495492,27.84518647833934],[85.019612814908626,27.845360254217361],[85.020011775002459,27.845749446464414],[85.020115495313405,27.846326133076232],[85.020412267679205,27.846403701829896],[85.021069854466532,27.846525921046752],[85.022013884343167,27.846945483150051],[85.022528868785741,27.847234826656404],[85.023119764026106,27.847536534662297],[85.023952095339894,27.847819142350588],[85.024853201449815,27.847982896907574],[85.025352448673999,27.848441181046006],[85.025254455335187,27.848947306467352],[85.025579990885987,27.849188813149553],[85.025978578046718,27.849600540716558],[85.02638982952503,27.849313187048942],[85.026233493526149,27.848837256846803],[85.026451803296496,27.848693761197005],[85.027096726796387,27.848815771187414],[85.027449066300235,27.848978708070579],[85.027712199246821,27.849162925410045],[85.028243568360892,27.849249471195353],[85.028729946418835,27.849718838215203],[85.028848645129614,27.850171671283917],[85.028977175159923,27.850782542600225],[85.02901384562891,27.851561277411133],[85.029108806692719,27.851923543716985],[85.029303624999372,27.852377464115605],[85.029357062462097,27.852930870039255],[85.029892982301448,27.853468611877595],[85.030774085038601,27.853864661326782],[85.030867015638535,27.854339681812895],[85.031365705756926,27.854831773111087],[85.031996763726895,27.855021234232705],[85.0333644489031,27.855176084906898],[85.034059148453437,27.855355165842575],[85.035210155763409,27.855563301746574],[85.035869139742942,27.855612162892676],[85.036346347597885,27.855889640847447],[85.036409866080263,27.856589808406046],[85.037137154867352,27.857073856191178],[85.037220182020519,27.856691570913746],[85.037429261506162,27.856356193173763],[85.03827063540858,27.856142594976355],[85.039055577380822,27.856243985697386],[85.040195339548603,27.85637297154954],[85.041935347493649,27.856995445373588],[85.042870919953742,27.857189180979024],[85.044341767788595,27.857255160419967],[85.045054045139139,27.857163752989898],[85.045813629768503,27.857264746223144],[85.04617856524527,27.856728550131347],[85.046373163785049,27.855783914910187],[85.047169836438897,27.855231273878019],[85.047989045676999,27.854836845657957],[85.048796132814388,27.85511895009142],[85.049778817502471,27.855516318025163],[85.051430087203116,27.855426873327499],[85.052755918011442,27.856505778334817],[85.053387230513138,27.856683868216184],[85.053960345545363,27.85727843872013],[85.054457144218915,27.857883208910412],[85.055029462493636,27.857812332195177],[85.055927815144614,27.857960341213637],[85.056296350110216,27.858642246594343],[85.056629429882193,27.858466484586284],[85.057102282771524,27.858991958840033],[85.057821241919541,27.859949481470036],[85.058729892636393,27.860232960198974],[85.060095689704653,27.860500307729396],[85.06127780857274,27.860392868354882],[85.062786985545074,27.860447913077845],[85.063484181739909,27.860491541116431],[85.065299859679271,27.860438076809327],[85.066496472188433,27.860765019797711],[85.067038824128133,27.860953079902085],[85.066926919425129,27.861537995697798],[85.067219929834124,27.861474431606609],[85.067376062407419,27.861972876005048],[85.067520909254299,27.862392212253194],[85.067809635735912,27.861854887888938],[85.068045009709053,27.861463436476992],[85.068011547742472,27.861203560994671],[85.068137333432531,27.860551167215572],[85.068069609496021,27.860076519232486],[85.068276404480741,27.859865123651428],[85.068535037927006,27.860308609964754],[85.068973894434336,27.860607998435949],[85.069504762283927,27.860728216800503],[85.069786280932945,27.860596814879369],[85.069968498444169,27.860339958430458],[85.069719948483296,27.860043237011229],[85.069591579501946,27.859409840788572],[85.070076288625913,27.859270003715839],[85.070308252764491,27.859070235657729],[85.071108939354602,27.8590024873285],[85.07135219071948,27.858881825259644],[85.071424010821502,27.858409129825549],[85.071721601425722,27.858086212685379],[85.072118690578932,27.857877471501688],[85.072598683143227,27.857286416275393],[85.073139711469366,27.856831554844984],[85.073251177823366,27.856269183291342],[85.072751883591863,27.855799785287861],[85.072315628134859,27.855353823869187],[85.072423505762586,27.854994417201663],[85.072618593167718,27.854726457788463],[85.073434326371483,27.85452356198914],[85.0742573622245,27.854625284984856],[85.075334929762775,27.854685440994832],[85.07620413656214,27.855047204366183],[85.07698593539007,27.855328793566208],[85.077602014562387,27.855653183001319],[85.078090632554321,27.856009629420729],[85.079110511837314,27.856463703524117],[85.079346195196266,27.856771508175441],[85.080597234325481,27.857070890323186],[85.080994688896126,27.857200486031328],[85.081270525647696,27.857390420967747],[85.081723088332382,27.857633567418734],[85.082202222681588,27.85762895255677],[85.082818735068017,27.857569852820163],[85.083424142278687,27.857781282705506],[85.08412688903023,27.857509081802586],[85.084950754199824,27.8575656390733],[85.085836074554834,27.857735830673956],[85.086327503448956,27.857934387358409],[85.086915576317949,27.858230151362168],[85.087404679203942,27.858380737906309],[85.087926590093289,27.858469745180102],[85.088475724354893,27.858996174810652],[85.088690245289726,27.859788652315153],[85.088922798025877,27.860276856385031],[85.088500574955319,27.861195852003057],[85.088491768902401,27.861697628857424],[85.088546796512759,27.862177733274859],[85.089254929597701,27.862322890865059],[85.089807450868847,27.862657626068621],[85.090437881287514,27.862891930389623],[85.090903966803893,27.863090120787376],[85.091303255801947,27.86347912188111],[85.091686062935196,27.863360355174674],[85.092038752839201,27.863511857962994],[85.092774645492156,27.863522038323392],[85.093330118529167,27.863326704586346],[85.093981409440829,27.862732301083703],[85.094183525149589,27.86278584855846],[85.094546833480749,27.863055917549211],[85.094806636844396,27.863076425330089],[85.094600512296907,27.862526562826183],[85.094779686172515,27.86207789251284],[85.095247814091621,27.861796753909061],[85.095827431121279,27.861308498052118],[85.096445499649477,27.860798213006298],[85.097423226685109,27.860766591269638],[85.098686574455428,27.860366704877617],[85.100857603447324,27.859584556049708],[85.103199157240397,27.859210750015357],[85.10500037439553,27.859258070115281],[85.106385404073862,27.85988614480069],[85.107623442818138,27.860940779629583],[85.108008728445768,27.861408492978274],[85.1080746695486,27.861995890062357],[85.108311475416386,27.862644139427776],[85.108841505504543,27.863181508462038],[85.109197316945611,27.863885667298284],[85.109980139604843,27.864482891925842],[85.111042586094385,27.865422304454956],[85.111646845562333,27.866037516536704],[85.112037620811506,27.866922606898409],[85.112767277097191,27.868026630627906],[85.113047192478064,27.868718462948948],[85.113339799824317,27.869410468442929],[85.113953340060164,27.869892568579502],[85.113942206413753,27.870535302675826],[85.113729608873257,27.87145160878682],[85.113904221233824,27.871995375606684],[85.114141209535177,27.872235470424844],[85.114654818565157,27.872625971264178],[85.114861843275094,27.87313070479734],[85.115114160359454,27.873585303135343],[85.115406401530038,27.873933299115091],[85.115799863965975,27.873933038019768],[85.11571504070713,27.873700665104863],[85.115475409913913,27.873246241195645],[85.115322359528022,27.872922705722672],[85.11535154413194,27.872703169846783],[85.115778627513592,27.87259340082316],[85.117017472636491,27.872881016175938],[85.118120857247405,27.873663035217632],[85.119460289559086,27.874741512867843],[85.120161544447697,27.875292455904045],[85.121198181620443,27.875532162564497],[85.121662047453555,27.875865566934294],[85.122615896347568,27.875754494431852],[85.123412804930084,27.875911968573963],[85.123961425035617,27.876483372686476],[85.124142440655731,27.877027215403416],[85.12449975334107,27.87765240781258],[85.125126468531676,27.878112082810649],[85.125200923766002,27.878947722080035],[85.12566002921136,27.880296135425244],[85.125975503880312,27.881140690864616],[85.126229279429907,27.88188289827551],[85.126599988348488,27.882468792359958],[85.127328591776589,27.883279484081747],[85.128016087031185,27.883897875326706],[85.128915838799216,27.884722162447524],[85.12937433947522,27.88537127461958],[85.130065347642201,27.88578668660714],[85.130906131826194,27.886350750333662],[85.132117432420813,27.887145406434875],[85.133773283789097,27.888295714487562],[85.135001538002186,27.889214642421688],[85.134852076486794,27.889787836263793],[85.135372929945831,27.890505446467646],[85.13520517121465,27.891405476937681],[85.135488632142,27.893383094672863],[85.13534721840351,27.894227087576407],[85.135497133505453,27.895108858816325],[85.135683128853955,27.896292824629789],[85.135918800479629,27.897356215682006],[85.136226957492539,27.89863488311288],[85.136251023363286,27.899452917891406],[85.136392895992287,27.900063889344025],[85.136851888317636,27.900690428294279],[85.136656060797051,27.90137578345313],[85.137262791741918,27.901530611882745],[85.137582175897137,27.902155260977022],[85.13808350959961,27.902534236103882],[85.138118253813545,27.903470841838576],[85.137849334069756,27.904346949357837],[85.137959268289819,27.905340964954267],[85.137891113867909,27.906355130672541],[85.137442546556045,27.907341595583567],[85.136808595336717,27.908032304067085],[85.137158211330345,27.90837539467589],[85.136970261689598,27.908970625832335],[85.136362071129497,27.909639122629709],[85.136129653057196,27.910605948770254],[85.135671329136343,27.9106786971732],[85.135878031453814,27.911211595038065],[85.135392309368029,27.912141154813771],[85.134575569676656,27.913122623222499],[85.134416371562111,27.913520861550094],[85.133849028398316,27.914026357289579],[85.133548351915792,27.914529825182161],[85.133587315020506,27.915218354826251],[85.134260989282822,27.915915484342577],[85.134508679419397,27.916279758528223],[85.135285468848537,27.916888050337356],[85.135854199650339,27.917042373096603],[85.136232323008343,27.917205392894299],[85.136249782277488,27.917668056738702],[85.136804469433542,27.918143840990346],[85.137448573922754,27.918560897460093],[85.136964862182708,27.918843597937769],[85.136552497792835,27.919433519720027],[85.13615490215399,27.920278854604735],[85.135720458247192,27.921038617652464],[85.135212324950089,27.921627238143319],[85.135299319539115,27.922138845238887],[85.135964050712417,27.922471116868021],[85.136692657230157,27.922429934995666],[85.136874932934347,27.921853914807166],[85.136677694990865,27.921068587786507],[85.137073248297284,27.920342324010583],[85.137690728012785,27.920078446818053],[85.138497377165763,27.91995323855712],[85.139174924544704,27.919537037490812],[85.139792395032529,27.919273150372707],[85.140632388495561,27.919437623408992],[85.141600036611052,27.919978129637087],[85.142223275677424,27.920496969136739],[85.14286596211997,27.920999053910908],[85.143954933334655,27.921166864781611],[85.145101650994135,27.921318430643574],[85.14647411861749,27.92171122693107],[85.147322703474529,27.921935325984673],[85.147285273361007,27.922164516339635],[85.147554693001481,27.92237231336431],[85.147064241052163,27.922489068824273],[85.146784158525747,27.922625668209932],[85.146927355823848,27.922933853843194],[85.147751792452794,27.922889649327203],[85.148224040595665,27.922998087057202],[85.148218348527791,27.923191548960528],[85.148068922062677,27.924091300860443],[85.148210243283884,27.924790790474095],[85.148808447835734,27.925658059701533],[85.148963854117554,27.926655489401135],[85.148904089374781,27.927352274867747],[85.148557769394898,27.928002671303656],[85.148232186617875,27.927998292806102],[85.147819259975677,27.928060796008911],[85.14746654662089,27.92852394544402],[85.147276913119086,27.928972274092295],[85.14725993762012,27.929405911596056],[85.147138785372874,27.929770089713955],[85.146896625282963,27.929928466837392],[85.147251086986287,27.930486203640882],[85.147661270416293,27.931708248900001],[85.147961332373697,27.932648074937212],[85.148484563127454,27.933982232011029],[85.14859955636615,27.934260261692764],[85.148629596718237,27.934745574558278],[85.148938007630122,27.934915611797589],[85.149305976517681,27.934682358285279],[85.150108523929788,27.934803738435882],[85.150800226790565,27.935246897819248],[85.151386592160137,27.935688639368387],[85.151973830910649,27.936079347198806],[85.153046449163412,27.936655216705628],[85.153923638340629,27.93745815142379],[85.155721853902278,27.938741319394964],[85.156648409122624,27.93945982730591],[85.157051991066467,27.939950141244161],[85.156630311455558,27.939961509092331],[85.15623298616147,27.939666943112794],[85.155571552832711,27.939130636130361],[85.154437930264208,27.938196665547512],[85.153074483934873,27.937259602798761],[85.152050033004031,27.936667365609097],[85.150509901099085,27.935983121963055],[85.149250129177005,27.935710975533599],[85.148577443553208,27.935838044771046],[85.148970383433323,27.936387788015619],[85.15056739131569,27.937106841593032],[85.150639079894006,27.937397048696795],[85.151674284635703,27.938482856990941],[85.153158154839645,27.939098276548805],[85.154370126318753,27.939931221898011],[85.154248549827344,27.940320922057527],[85.153906729693745,27.941269142189132],[85.155471604619507,27.941630409248571],[85.156986629541407,27.942671566306018],[85.158053618163706,27.94414908599439],[85.159364690212456,27.945357632628571],[85.159878910387818,27.946104634429599],[85.160239204421458,27.947172850115528],[85.160882418068752,27.947657849925182],[85.16136389066493,27.94864261041625],[85.16168837832268,27.949846459398671],[85.161808062192151,27.950698777255546],[85.161753756523851,27.951642349934001],[85.161740067764157,27.952450350030517],[85.161680216373995,27.953155647077168],[85.161726590040345,27.953811320030827],[85.161326528304116,27.954239841333219],[85.161282016771395,27.954605055505205],[85.161562954725625,27.954987379117263],[85.161796002361882,27.955369062426517],[85.161834061670177,27.955667322361041],[85.161577598678562,27.956102015972668],[85.161351382784517,27.956447787783528],[85.161211877127798,27.956764942849443],[85.161396064584494,27.956920533512594],[85.161835781356089,27.956696714684696],[85.162056486580923,27.956393404367617],[85.162223969766515,27.955838420804575],[85.162505779664812,27.955603983253344],[85.162824642192177,27.955727341702776],[85.163105804459605,27.956096904603474],[85.163186754985446,27.956408497648624],[85.163110992355215,27.956922171076428],[85.163567059418227,27.957430183068205],[85.164651542270192,27.957887027473788],[85.165733158292838,27.958513969239952],[85.166799079228142,27.958936521068466],[85.167377732805249,27.959845992683281],[85.168079485759677,27.960842173218882],[85.16830004483154,27.961398077654092],[85.168243100363682,27.961933272821376],[85.168488313631258,27.962518748726318],[85.1685327184057,27.963293494642926],[85.168465045191681,27.96389660449406],[85.169142586789306,27.964058752839598],[85.169891454253758,27.964536613093781],[85.170945863500592,27.965078082639021],[85.17167702142568,27.965470626132998],[85.171778638993786,27.966263146319918],[85.171692305063345,27.966673051105605],[85.172541032488951,27.967191873913048],[85.173017761638363,27.967547848569296],[85.173489744794594,27.967638522043099],[85.17443712279163,27.967710648676281],[85.175199627020064,27.967950460597617],[85.175815435141487,27.968366974454565],[85.175978426209241,27.968930611638413],[85.176394355285282,27.969267907592346],[85.177063365385706,27.969370354725125],[85.177622281880531,27.96975207808708],[85.178214372103255,27.969870515057298],[85.179316051666063,27.969885101845637],[85.179973633279161,27.970097977578295],[85.180435766315597,27.970537959799049],[85.180922219061117,27.971241985994816],[85.181406965900521,27.972048074695405],[85.1811527482663,27.972350973074324],[85.18070607124055,27.972702368651362],[85.180560245113909,27.973398031409268],[85.180932318821604,27.974066515764726],[85.181228040220546,27.974716975108723],[85.18114099878504,27.975906834146762],[85.180512008222237,27.976842814807579],[85.180485423088584,27.977284838076216],[85.180050743127353,27.978061749726116],[85.179692701630771,27.97883967415974],[85.179296331971244,27.979617089960072],[85.178634554100611,27.980220845286304],[85.178356286228123,27.980812663569992],[85.178268202164261,27.981492072777236],[85.17800937642248,27.981782142069857],[85.177466267948034,27.98216627607362],[85.176582821756753,27.982273664971832],[85.17589213770259,27.98231554776239],[85.17545055689466,27.982360732514266],[85.174724986741452,27.982197973944682],[85.173981690382575,27.981949904339867],[85.173373962962657,27.981618559831396],[85.172243712262485,27.981586527262301],[85.171246158914016,27.981641322017467],[85.171336226320292,27.981982807051729],[85.172542553613212,27.982049887003075],[85.173670802626546,27.982200991319136],[85.174101205218193,27.982819224555715],[85.175010376072947,27.98346082600731],[85.176136067529825,27.983765006178089],[85.177668175757518,27.983836362631529],[85.178413782096612,27.983948328379675],[85.17871122076761,27.983356764404569],[85.179045264824865,27.982867770793842],[85.179451095036271,27.982668971548026],[85.179479130910153,27.983281861278449],[85.179337565835809,27.983722361418728],[85.178971199102108,27.983853625198012],[85.178925727954223,27.984278382972057],[85.178953188955219,27.984925293774985],[85.179457709954789,27.985697622582311],[85.179446563045843,27.986361036486212],[85.179608451516827,27.98699271257998],[85.179858860415862,27.987489445193376],[85.179733309409826,27.988117315699085],[85.17983241796685,27.988492944447835],[85.180704201502053,27.98908297233487],[85.181154119331381,27.989684429034241],[85.181138268426551,27.990628518375285],[85.181156874323506,27.991232775562743],[85.181345524673688,27.991983904604705],[85.181740480948889,27.993005738858436],[85.181975468557951,27.993566068033701],[85.182354197729481,27.994413288567777],[85.182688732521797,27.995038736803668],[85.182744533188199,27.995711543026459],[85.183089797523493,27.996269074656983],[85.183837804232098,27.996814912706139],[85.184220265843237,27.997440990761099],[85.184038086583797,27.998017073619753],[85.184093182996904,27.998732406047235],[85.183903414985352,27.999189287538986],[85.183490537438686,27.999804857085138],[85.183290326090258,28.000312642659129],[85.183204686300229,28.001132454783001],[85.183374341528207,28.001874822853612],[85.183208602863616,28.00261275778406],[85.183111083087525,28.003283536674484],[85.18314184990227,28.003734824401636],[85.183268302933953,28.004195884142547],[85.18317153584816,28.004964505507097],[85.183124532861413,28.00548069576384],[85.183002266161921,28.006197936584101],[85.182841941785938,28.006612668915281],[85.182662458146069,28.007312138292868],[85.182657326045799,28.007903319655576],[85.182475053836967,28.00876864171935],[85.182191568301931,28.009096672204542],[85.181774211202708,28.009975897459256],[85.181591708258111,28.010568985046536],[85.181573408457083,28.011087680669664],[85.181881948383605,28.011551150744317],[85.18191106731912,28.012100248888952],[85.181976092058733,28.012794444037084],[85.182092399028278,28.013574389334458],[85.182818475733413,28.01372010813223],[85.183903027573251,28.014210848669389],[85.18423634157206,28.014912842355884],[85.184947594703942,28.015943101137108],[85.185468321535254,28.016902783088774],[85.18535622119802,28.017871121064331],[85.184678485073775,28.018270512741285],[85.184842724012498,28.018766098898499],[85.184510582779581,28.019136026155355],[85.184112083588573,28.020032520232245],[85.184011425847672,28.021460394700071],[85.184041664150698,28.023085663957062],[85.184503599745057,28.023551156530576],[85.184763405461808,28.024065019956225],[85.18492410715217,28.025343218832486],[85.185370881290694,28.025570307705895],[85.186902912349225,28.02625409638053],[85.188215650105988,28.026866918957897],[85.189030839106664,28.027422127769015],[85.189911517654437,28.02750179289729],[85.190779625192548,28.027759937671462],[85.191456519504626,28.02856001941662],[85.191724674969379,28.029150545420162],[85.192281384022579,28.029685318515007],[85.193041143261567,28.031839125871571],[85.192921917721094,28.032662754050602],[85.192888861458783,28.035214473377344],[85.192770827610914,28.036540040073184],[85.19261068994814,28.037516258017487],[85.192469377823372,28.037939756963642],[85.192828240260212,28.038267752453354],[85.192985941481709,28.038584593110507],[85.192864512052111,28.038965818153233],[85.193050545918226,28.039308553105919],[85.193302830573828,28.03970320251053],[85.19319356108592,28.040073953795712],[85.19366206570497,28.040726662537722],[85.193527780490967,28.041303383964507],[85.193471431721193,28.04151957561637],[85.193483607918395,28.0416515969956],[85.193602299023212,28.041721215781827],[85.193876502182732,28.041665272342822],[85.194113600941392,28.041821519777525],[85.195039989826228,28.042616359895646],[85.197198157838045,28.04429510416707],[85.198452519346745,28.044975127611259],[85.200121627136639,28.046085936655857],[85.201150397113892,28.047647726685121],[85.201866813391959,28.049148881055469],[85.202889816724181,28.050701826288897],[85.203217457332627,28.051258773960257],[85.203837352219907,28.05182518423225],[85.204770375126301,28.052544206643507],[85.205255350685746,28.053367238058787],[85.205711871239572,28.05359439255232],[85.206307686219006,28.054095595843123],[85.206527053996837,28.054745008622589],[85.206599235879779,28.055018181810425],[85.20702896880384,28.055704370701935],[85.207287823330702,28.056286240573581],[85.20726693379315,28.057545032307171],[85.207242655069678,28.059007952121966],[85.206857419599388,28.060261984120416],[85.206392677427061,28.060528142028268],[85.206305803847769,28.061139524192523],[85.206336794451744,28.062160791389822],[85.206112594287305,28.062379048109353],[85.205829309934515,28.062690111101773],[85.206047719008353,28.062820573716699],[85.206025274251203,28.063594433965338],[85.205693741189762,28.064500368490851],[85.205458815607997,28.064786541084704],[85.205231834799818,28.065456881576715],[85.204678534809986,28.066233517613369],[85.20416756353093,28.067140410493085],[85.204372541113102,28.068400643296158],[85.206266006609042,28.071041361597754],[85.206897288231005,28.072300166631173],[85.206240642686268,28.073520274328654],[85.205590237750201,28.074016493946065],[85.205598014301856,28.074696139445937],[85.206025637455284,28.07478914115919],[85.206949849742756,28.074268300976005],[85.207771781416994,28.07397169323227],[85.209547614667869,28.075100193746497],[85.211657306700374,28.07593977650701],[85.214463411085973,28.077741341677079],[85.215927551728313,28.078526034867835],[85.216849350109044,28.079626938771018],[85.219357656285965,28.081658707203808],[85.223581991884032,28.083755199751927],[85.226404068770023,28.085969559634144],[85.227435768729706,28.087105846584983],[85.228042504273247,28.087543299609553],[85.229361605731313,28.088704553229665],[85.231150402362701,28.089888867118944],[85.232387163735282,28.090517330155784],[85.234160471043438,28.091186719873971],[85.235243950344767,28.091804677375436],[85.236267676179168,28.091970975206621],[85.238309714875811,28.092048261686344],[85.239130650037481,28.092297005902271],[85.23954099313508,28.093016881134968],[85.240103102673544,28.092666790851808],[85.241219544976616,28.092442908735919],[85.241772635000316,28.092645666387387],[85.242556328205566,28.092825855104749],[85.243161672779323,28.092765552227753],[85.244283410579584,28.092805437497599],[85.245282264576403,28.09273314731055],[85.246191479178464,28.092863877709192],[85.247183506408888,28.092621341233627],[85.24801779042393,28.092640507614849],[85.24876230321361,28.092871204251903],[85.249696157331016,28.09325744400277],[85.250330689426107,28.093171960078799],[85.25107017134286,28.093121840518695],[85.25174797042699,28.093326148732519],[85.252564954749062,28.093821474137201],[85.253122733505165,28.094032753851955],[85.253593091719793,28.094310976411204],[85.253940418229362,28.094485543950274],[85.254342265035817,28.094847964546762],[85.254647190662297,28.094975200699569],[85.254963682946808,28.095276982449281],[85.255459344343635,28.09562251560325],[85.256013667402229,28.095455166298706],[85.256519671873406,28.095606223327586],[85.257214481920542,28.095946837947992],[85.257771470420622,28.095911378197336],[85.258559613710133,28.095819300459908],[85.259158801711564,28.095843921825608],[85.260124309427994,28.096056094809899],[85.260433624229009,28.096506650905347],[85.260901676846075,28.097227198834084],[85.261689548825785,28.097747624552476],[85.262453587045698,28.097961481608326],[85.263101433016971,28.098241921294516],[85.26344097956445,28.09860352740597],[85.26357910256344,28.098962582520329],[85.263504598898081,28.099418905976307],[85.263554374600545,28.099604569788767],[85.263708101876801,28.099742415110921],[85.263801799594006,28.100045311829462],[85.264048667327202,28.100336074134805],[85.264289992693577,28.100533664479183],[85.264602422774672,28.100878805159354],[85.265419226491545,28.101314740777546],[85.266001615638444,28.102087762521993],[85.266533708001774,28.102409259623393],[85.266851907246249,28.102906704711717],[85.267461836454672,28.103161123783501],[85.268367621869615,28.103512856893971],[85.26863855482172,28.10396716474958],[85.269467613455731,28.104317922086825],[85.270122652561454,28.104751552311075],[85.270557620025286,28.105148374848415],[85.270608624757259,28.105557368565822],[85.271049097330248,28.106209478117862],[85.271606320872991,28.106760970494236],[85.272156684130749,28.107142228248204],[85.272851892933915,28.107465757395595],[85.273625208515881,28.107705193540077],[85.274070338106071,28.108068104281589],[85.274596774832887,28.108786995569467],[85.274684937779284,28.109276297133245],[85.275048025156366,28.110036553131948],[85.27532294923077,28.110344542531159],[85.275970599715777,28.110612103159056],[85.276893234237164,28.111545374815311],[85.277386101212144,28.112544113542153],[85.278627451981521,28.112875515281228],[85.27946542285801,28.112976265652506],[85.280326673175566,28.113212650118442],[85.280317676472677,28.113776483756929],[85.280822097847462,28.114053504561998],[85.281532169087271,28.11579372321458],[85.281804429209856,28.116270850983184],[85.282537445063141,28.116573288704188],[85.283061214071253,28.117234027889399],[85.283991996511858,28.117899860914267],[85.28444987965058,28.11790559204313],[85.285461656431949,28.118279176675873],[85.286426150933877,28.118426584133402],[85.287500460357904,28.118868609408405],[85.287756451400881,28.119571101882137],[85.288292628066642,28.120254535141324],[85.287830254019113,28.120530734054938],[85.28826826365804,28.120987362336038],[85.289051850427313,28.121312955990643],[85.289911400873564,28.121662050947126],[85.290618680924325,28.121986683874646],[85.290723137381406,28.122619607768428],[85.291662609874365,28.123144512588429],[85.29248062889333,28.123707374545745],[85.293620439824792,28.124838186318946],[85.294522254712888,28.125734809194412],[85.295049865789053,28.125758292024354],[85.295657391543372,28.125957590527388],[85.296163783736304,28.126116152795763],[85.296382371330097,28.126372646732758],[85.297530094141933,28.127007251573957],[85.29786280761752,28.127727977483946],[85.297868344184977,28.128585247629463],[85.29859263772012,28.129045400147227],[85.299350113092601,28.129821771879499],[85.299358369439418,28.130470036022668],[85.29931360051603,28.131126859176643],[85.299633881736398,28.131390249796279],[85.299534833890348,28.132186628649681],[85.301036470608096,28.13341530245636],[85.301998944520932,28.134066934757968],[85.302768983866315,28.13526076654265],[85.303504251828215,28.136239863370047],[85.303999958114176,28.137080643845628],[85.304524900588845,28.138085329549078],[85.304094255772185,28.138768017199187],[85.304998610908086,28.139111937570846],[85.305459637260242,28.139732344204528],[85.306187027596692,28.140406798015647],[85.30666916396946,28.141303796712702],[85.307566035760701,28.141720921779179],[85.308755697903479,28.142130376824639],[85.30920447933579,28.142722423056327],[85.309720063769774,28.143112270467984],[85.310751263854073,28.143079873251295],[85.311430843562235,28.142749881243752],[85.311760026178291,28.142855448946307],[85.311750286003502,28.144287760347268],[85.312371074459904,28.145107875100635],[85.313180490082189,28.145628218025571],[85.314107729413266,28.146141547275981],[85.315112537060372,28.146539835855673],[85.315629926535095,28.146816894279418],[85.316823759183862,28.147779003787914],[85.317973948356382,28.148278128511894],[85.31911248257191,28.148709426827981],[85.319537663440755,28.149188361617249],[85.320448608782868,28.149526624991037],[85.321001380855321,28.149984561818009],[85.321361024794186,28.150586757038315],[85.322142295166657,28.151081326542563],[85.323567463733113,28.151087497298001],[85.324438034313246,28.151160183863563],[85.324621068608877,28.151664338973891],[85.324714690320775,28.15218995833963],[85.325105689519745,28.152414680830326],[85.326478939141523,28.153305590096267],[85.327218226051642,28.154047757275411],[85.32859696770636,28.155406792854915],[85.329398501556639,28.156239940754368],[85.330237047534709,28.156329119682812],[85.330714428468241,28.156729704891593],[85.331240259652191,28.157288785288763],[85.331765746499812,28.157870417656994],[85.332037456754392,28.158403841501499],[85.333030076882707,28.159228017405688],[85.333932795208639,28.159284118434726],[85.334590088478237,28.159574089019468],[85.335088236020866,28.160279446284015],[85.335369377010153,28.161027280392389],[85.335640240162263,28.161617082534153],[85.335848885489511,28.161704210946191],[85.336195232938209,28.16193963964318],[85.336612522750997,28.162525579449344],[85.336649210751489,28.163033581828266],[85.33681000705964,28.163746114279459],[85.337072693074091,28.164042559513369],[85.337440577794013,28.164532025212264],[85.337984870247567,28.164724736680213],[85.338769631166826,28.165004956341328],[85.33991504660807,28.165007568298183],[85.340557480543524,28.165026634254257],[85.340881369288368,28.165481720891822],[85.34133303277487,28.165904517490926],[85.341021369428432,28.166306787617444],[85.340902842219919,28.166564769617565],[85.341395294588864,28.166818874593158],[85.341551677499879,28.167407279256054],[85.341601563895154,28.168298928175947],[85.341667408220061,28.169393793083049],[85.341801127229701,28.169801458201022],[85.34188220595594,28.170321276154599],[85.341932631964426,28.171590779191845],[85.341981810855216,28.172115850214833],[85.341980463609332,28.172615871396282],[85.34209251363913,28.173053351229857],[85.342132982894668,28.173730583705158],[85.342114306247865,28.174666517770749],[85.341952664854091,28.17524355078999],[85.341794384737909,28.17560256287911],[85.341924332469901,28.175980104677901],[85.342135316067342,28.177155679567541],[85.342178568647626,28.177652480879512],[85.342146061715255,28.178659680827813],[85.341781135635046,28.179211692970938],[85.341567301570294,28.179870805537863],[85.341089632823667,28.180579355913046],[85.340568606146249,28.181347533527411],[85.339817319238776,28.181639197421426],[85.338678990871898,28.181715618406592],[85.337492545114742,28.181610981247481],[85.336677677434807,28.181623639736195],[85.336854099435897,28.182287485384308],[85.337597955180229,28.18247698579065],[85.338797312398043,28.182844956044629],[85.33897026137717,28.183185425394225],[85.339416349219846,28.183423937753975],[85.339710056731732,28.183089130201211],[85.340220532048974,28.1830050890899],[85.340859263605367,28.182858686298289],[85.34116767151896,28.182670680895729],[85.341458064808606,28.18255013062539],[85.341658208472978,28.182503679832564],[85.341862130309792,28.182487351911664],[85.342220070156969,28.182939088895861],[85.34252383789179,28.183051798228203],[85.342536400992458,28.183337685700856],[85.342924148121114,28.183507806226032],[85.34323613656359,28.184188324630693],[85.343421411369562,28.184280799368757],[85.343432817832451,28.184641866305732],[85.34371620351645,28.184976147342052],[85.344180234260477,28.18570361967706],[85.344159441204596,28.185951506736007],[85.344343098024865,28.186149231673046],[85.344746090899733,28.186432322075227],[85.345142254230822,28.187158970585784],[85.345318273245766,28.187852879216422],[85.345648647759603,28.18844338262463],[85.34617618953618,28.189457351813122],[85.346744392469105,28.190035687872768],[85.347007361204888,28.190595296536134],[85.347802482578089,28.191319236865596],[85.347836815713464,28.191846006137613],[85.348009980346703,28.192175188519084],[85.348109227472108,28.192620028432284],[85.348279561840258,28.193133400493231],[85.348675771913392,28.193860040142798],[85.349054553636165,28.19461654588056],[85.34924157084464,28.19570158893999],[85.349445331822579,28.196801872376614],[85.349895480716867,28.197333656256571],[85.350521356518641,28.197476550865378],[85.350871298720165,28.19790185274735],[85.351253109902046,28.198462886184789],[85.351597749780865,28.199234012738607],[85.351883505478895,28.199417919581489],[85.351891477848014,28.200004525242317],[85.351968723745713,28.200501733042397],[85.352016888536738,28.202340794937498],[85.352209483231036,28.203064972436461],[85.352685311528234,28.204138450491595],[85.353468507719171,28.205095317042378],[85.353995276245712,28.206169403984585],[85.353838510236102,28.207536039614244],[85.353430133703071,28.208704143296998],[85.353055233748023,28.209902725749519],[85.353516429831089,28.21082563798856],[85.354018640563169,28.212395706116361],[85.354023072874284,28.214320711760077],[85.354110762997138,28.216351989635516],[85.353559957519849,28.216841636709642],[85.354421755149133,28.217107665949754],[85.354668309584213,28.217636986172341],[85.355301835977428,28.218396540394078],[85.355941821887654,28.218735086293584],[85.355896812942021,28.219456402166113],[85.35711327797344,28.21984698790536],[85.357253164447656,28.220690834880127],[85.357746318711349,28.221749466060629],[85.35906076172094,28.222396869666671],[85.359989339391419,28.223851723532384],[85.360267787824611,28.225629628439826],[85.360259907644021,28.228366575252892],[85.359930415073677,28.229926646533222],[85.359764704752465,28.231879686945568],[85.35927967934839,28.232505491651448],[85.358237096931632,28.234056997579241],[85.357482416002753,28.235657069600375],[85.3570143373897,28.236283068646291],[85.357048913076724,28.23735122869838],[85.357060750267536,28.238795081623156],[85.357022498886352,28.241291037564313],[85.357200436115264,28.242977504409463],[85.358677552726846,28.244108109296452],[85.359747655456815,28.245203737863807],[85.360670943270961,28.245906592755819],[85.361410455846794,28.246411736078635],[85.362218123971971,28.246902653635264],[85.362686893545998,28.247344391159341],[85.362610704574323,28.247884870060687],[85.363376622277457,28.248886595328628],[85.364048477399052,28.249375876266001],[85.36379652251901,28.250305256813512],[85.363708856130586,28.251597531499865],[85.363004848450245,28.252100414454492],[85.362437598060382,28.25254477778569],[85.363185891905658,28.252478549227849],[85.36364138222018,28.252679506525634],[85.363798789507783,28.253493478380314],[85.36383272940185,28.255719604592954],[85.364080089288663,28.257316662496407],[85.364582752052002,28.257588232104162],[85.364717339970241,28.257950770343356],[85.365208540449771,28.258317575511917],[85.365923659630155,28.258619383121793],[85.366924581271419,28.259392681269201],[85.367540065790649,28.259963985595437],[85.367900989757473,28.260103645171931],[85.368178870530173,28.260259230546787],[85.36859452057115,28.260151404098977],[85.369248048782922,28.260356091567626],[85.370926569899964,28.261669439838098],[85.37158253614129,28.263211203241994],[85.37156699008608,28.264233646918726],[85.372298680663377,28.265264995210355],[85.373304394525547,28.266149216318162],[85.375191414564569,28.267164224408607],[85.375209866711685,28.268187073318568],[85.375738730819421,28.269155837218161],[85.376208553319827,28.271778150661749],[85.376152236138438,28.273251270111597],[85.375310535487898,28.27498574532018],[85.375458928419121,28.276401143740987],[85.375575636822759,28.27766577851072],[85.375477117862886,28.279679785458924],[85.374952500547749,28.280666094577985],[85.374835976864915,28.281627180948561],[85.373870178800985,28.282578157009198],[85.372276812157295,28.283461492341523],[85.371225588639362,28.284441507262006],[85.369805238569896,28.285116335051882],[85.368324952491946,28.285264080175679],[85.366233173666032,28.28540449449326],[85.364382869927724,28.285307151710938],[85.363331131490213,28.285204318774674],[85.362331963549821,28.284996838199323],[85.361598124464038,28.285213614223892],[85.360764210698676,28.285308876343084],[85.35974368282487,28.285386853326688],[85.359094534868333,28.285619671464964],[85.358097350582582,28.285624630007877],[85.357289232524465,28.28597583632483],[85.357138364350902,28.286673314155959],[85.358296741292676,28.286539210009643],[85.359488823109203,28.286284252434257],[85.360328887442151,28.286030697303758],[85.361397529391027,28.286139395834756],[85.363363821755271,28.285843850358479],[85.36517556668872,28.286241517370808],[85.368227764728388,28.286623912390951],[85.370542445611335,28.286350780681197],[85.372802892167201,28.285174645757465],[85.375060550426042,28.284178902166463],[85.376329355895265,28.283411984660411],[85.37754501881615,28.281666911225237],[85.378289058303125,28.280773429351562],[85.378712549044195,28.280853650738702],[85.379384898870711,28.281327829276265],[85.38020306796804,28.282269932713955],[85.381854000298105,28.283191824253247],[85.383737311783776,28.284477375140469],[85.385347531156896,28.285849904348733],[85.387413815425788,28.287400746947405],[85.389478688837798,28.289049294474797],[85.39064840050429,28.289784943009035],[85.391658335879612,28.290413429129742],[85.392485627625433,28.291325493007889],[85.393855081562506,28.292905633583267],[85.394823193505218,28.29405995975242],[85.395342429355964,28.295690242576271],[85.395417364309864,28.296924296162079],[85.394631889226275,28.297749709066178],[85.395747121581422,28.298161344292101],[85.397702422171065,28.299206939130478],[85.398472511296362,28.299975430017401],[85.399591608347478,28.30013142218468],[85.401225452506523,28.30222590865343],[85.401562081355152,28.302440392813203],[85.403595801980956,28.302795043962881],[85.404535513366469,28.303588043954761],[85.405676418080787,28.304563852540799],[85.406776194695141,28.306020411036098],[85.40701736955026,28.306940587863703],[85.406458462288029,28.307956696316612],[85.40549680524795,28.309201197370612],[85.405863183927949,28.309701754617599],[85.406926872568107,28.309022393840007],[85.40781885821869,28.308461331157993],[85.408635265409657,28.308410697720742],[85.409548242060126,28.308722114140014],[85.410400859830432,28.31080739132015],[85.411266472229755,28.312020568779946],[85.412161170638598,28.313564931509202],[85.412603409670169,28.315825885136423],[85.412131704644054,28.317835585594743],[85.411393478597844,28.319481251616963],[85.411266935873726,28.321134036263157],[85.411372464560571,28.323180528900455],[85.411813374835589,28.325531699539905],[85.412467156348939,28.327283797898296],[85.411765978992406,28.328719351535614],[85.413189824109963,28.328976539806401],[85.414893601056178,28.328695572877461],[85.415840754776653,28.329007348889963],[85.41746140500355,28.32974801701895],[85.419548103979778,28.331155770341013],[85.421769920005374,28.332625211248423],[85.424153488794929,28.332351992988837],[85.426945783073634,28.332023291581283],[85.429256047255024,28.332110068136434],[85.431100179530219,28.333845709202265],[85.433453319641998,28.335647328480722],[85.435792375343411,28.336095257814382],[85.440078655945726,28.338219697619675],[85.442714936634204,28.339272461234899],[85.444754339206639,28.339295731591797],[85.442614946606227,28.336804956717131],[85.445527515755018,28.337560044094012],[85.448531705602278,28.336691919727404],[85.452418249086151,28.338270033306912],[85.455560603005992,28.339598992376171],[85.45856304381671,28.33885093749387],[85.463268406800196,28.337881390256253],[85.47113258172638,28.337097510256132],[85.473492520543715,28.338477444712709],[85.475258327916052,28.339805582283091],[85.477004989517397,28.340095798206512],[85.47895425056771,28.339290409286882],[85.481393020847221,28.339919142542897],[85.482877507505648,28.340717688574525],[85.485353882598744,28.33869991369686],[85.489226778988737,28.334080782494649],[85.490369695187155,28.330183297123281],[85.494424197105388,28.322287499846336],[85.502488917709684,28.314375464594498],[85.50790614603153,28.306133214023188],[85.511802379098256,28.299678842436691],[85.518046488835765,28.295415486527322],[85.525521503482679,28.295496418502015],[85.529387985052395,28.293340044229932]]]]}}
]
}
